X,Y,OBJECTID,Snow_Emerg,Snow_Eme_1,Snow_Eme_2,Key_,Call_Taken,Customer,Location,Latitude,Longitude,Ward,Neighborho,Community,Day,Tow_Zone
-93.2366710001665,44.9858620001312,1,Victory 1,2022-2023,4,1,2023/02/22 00:00:00+00,Snow Emergency,"1100 BLK 8TH ST SE,Minneapolis,MN",44.985862,-93.236671,3,Marcy Holmes,University,1,4
-93.2352910003793,44.9853119999489,2,Victory 1,2022-2023,4,2,2023/02/22 00:00:00+00,Snow Emergency,"1200 8th st se ,Minneapolis,MN",44.985312,-93.235291,3,Marcy Holmes,University,1,4
-93.2706400000359,44.9180299998846,3,Victory 1,2022-2023,4,3,2023/02/22 00:00:00+00,Snow Emergency,"4656 4th Ave s,Minneapolis,MN",44.91803,-93.27064,8,Field,Nokomis,1,5
-93.2436799996323,44.9885700000055,4,Victory 1,2022-2023,4,4,2023/02/22 00:00:00+00,Snow Emergency,"600 8th st se ,Minneapolis,MN",44.98857,-93.24368,3,Marcy Holmes,University,1,4
-93.2352910003793,44.9853119999489,5,Victory 1,2022-2023,4,5,2023/02/22 00:00:00+00,Snow Emergency,"1200 BLOCK 8TH ST SE,Minneapolis,MN",44.985312,-93.235291,3,Marcy Holmes,University,1,4
-93.2704999998751,44.9319899997387,6,Victory 1,2022-2023,4,6,2023/02/22 00:00:00+00,Snow Emergency,"3908 4TH AVE S,Minneapolis,MN",44.93199,-93.2705,8,Bryant,Powderhorn,1,5
-93.2366710001665,44.9858620001312,7,Victory 1,2022-2023,4,7,2023/02/22 00:00:00+00,Snow Emergency,"1100-BLOCK 8TH ST SE,Minneapolis,MN",44.985862,-93.236671,3,Marcy Holmes,University,1,4
-93.2706400000359,44.9180299998846,8,Victory 1,2022-2023,4,8,2023/02/22 00:00:00+00,Snow Emergency,"4656 4 av south,Minneapolis,MN",44.91803,-93.27064,8,Field,Nokomis,1,5
-93.2623219995606,44.9367289997436,9,Victory 1,2022-2023,4,9,2023/02/22 00:00:00+00,Snow Emergency,"3629 Chicago Ave S ,Minneapolis,MN",44.936729,-93.262322,9,Powderhorn Park,Powderhorn,1,6
-93.270579999967,44.9211600003338,10,Victory 1,2022-2023,4,10,2023/02/22 00:00:00+00,Snow Emergency,"4508 4th Ave S,Minneapolis,MN",44.92116,-93.27058,8,Regina,Nokomis,1,5
-93.2621299996997,44.9370999997652,11,Victory 1,2022-2023,4,11,2023/02/22 00:00:00+00,Snow Emergency,"3619 Chicago Avenue South,Minneapolis,MN",44.9371,-93.26213,9,Powderhorn Park,Powderhorn,1,6
-93.2706400000359,44.9180299998846,12,Victory 1,2022-2023,4,12,2023/02/22 00:00:00+00,Snow Emergency,"4656 4th Ave S,Minneapolis,MN",44.91803,-93.27064,8,Field,Nokomis,1,5
-93.2467599995743,44.9896599999091,13,Victory 1,2022-2023,4,13,2023/02/22 00:00:00+00,Snow Emergency,"400 8th st se ,Minneapolis,MN",44.98966,-93.24676,3,Marcy Holmes,University,1,4
-93.2621200001379,44.9369700000655,14,Victory 1,2022-2023,4,14,2023/02/22 00:00:00+00,Snow Emergency,"3623 Chicago ave so,Minneapolis,MN",44.93697,-93.26212,9,Powderhorn Park,Powderhorn,1,6
-93.2380439996309,44.9863880001061,15,Victory 1,2022-2023,4,15,2023/02/22 00:00:00+00,Snow Emergency,"1000 BLK 8TH ST SE,Minneapolis,MN",44.986388,-93.238044,3,Marcy Holmes,University,1,4
-93.2958570001005,44.958955000373,16,Victory 1,2022-2023,4,16,2023/02/22 00:00:00+00,Snow Emergency,"1305 24th st w,Minneapolis,MN",44.958955,-93.295857,7,East Isles,Calhoun Isle,1,3
-93.2934299996947,44.9623699995758,17,Victory 1,2022-2023,4,17,2023/02/22 00:00:00+00,Snow Emergency,"2000 DUPONT AVE S ,Minneapolis,MN",44.96237,-93.29343,7,Lowry Hill,Calhoun Isle,1,3
-93.2934299996947,44.9623699995758,18,Victory 1,2022-2023,4,18,2023/02/22 00:00:00+00,Snow Emergency,"2000 DUPONT AVE S ,Minneapolis,MN",44.96237,-93.29343,7,Lowry Hill,Calhoun Isle,1,3
-93.2212270002259,44.919815000362,19,Victory 1,2022-2023,4,19,2023/02/22 00:00:00+00,Snow Emergency,"3528 46st e,Minneapolis,MN",44.919815,-93.221227,12,Ericsson,Nokomis,1,6
-93.2467599995743,44.9896599999091,20,Victory 1,2022-2023,4,20,2023/02/22 00:00:00+00,Snow Emergency,"400 block 8th st se ,Minneapolis,MN",44.98966,-93.24676,3,Marcy Holmes,University,1,4
-93.2934400001558,44.9617699997857,21,Victory 1,2022-2023,4,21,2023/02/22 00:00:00+00,Snow Emergency,"2100 dupont ave s,Minneapolis,MN",44.96177,-93.29344,7,Lowry Hill,Calhoun Isle,1,3
-93.27059999999,44.9428899996738,22,Victory 1,2022-2023,4,22,2023/02/22 00:00:00+00,Snow Emergency,"3304 4TH AVE S,Minneapolis,MN",44.94289,-93.2706,9,Central,Powderhorn,1,5
-93.2467599995743,44.9896599999091,23,Victory 1,2022-2023,4,23,2023/02/22 00:00:00+00,Snow Emergency,"400 8th st se ,Minneapolis,MN",44.98966,-93.24676,3,Marcy Holmes,University,1,4
-93.2788200004426,44.9674599995794,24,Victory 1,2022-2023,4,24,2023/02/22 00:00:00+00,Snow Emergency,"21 w 15th st,Minneapolis,MN",44.96746,-93.27882,7,Loring Park,Central,1,3
-93.2960190003765,44.958955000373,25,Victory 1,2022-2023,4,25,2023/02/22 00:00:00+00,Snow Emergency,"1323 24th St w,Minneapolis,MN",44.958955,-93.296019,7,East Isles,Calhoun Isle,1,3
-93.2812999996952,44.9674599995794,26,Victory 1,2022-2023,4,26,2023/02/22 00:00:00+00,Snow Emergency,"205 15TH ST W,Minneapolis,MN",44.96746,-93.2813,7,Loring Park,Central,1,3
-93.2918000000699,45.0397300003393,27,Victory 1,2022-2023,4,27,2023/02/22 00:00:00+00,Snow Emergency,"4643 Bryant av n,Minneapolis,MN",45.03973,-93.2918,4,Lind - Bohanon,Camden,1,1
-93.2724600003287,44.9461200002379,28,Victory 1,2022-2023,4,28,2023/02/22 00:00:00+00,Snow Emergency,"3113 3rd Ave S,Minneapolis,MN",44.94612,-93.27246,9,Central,Powderhorn,1,5
-93.2795879998862,44.9675649999248,29,Victory 1,2022-2023,4,29,2023/02/22 00:00:00+00,Snow Emergency,"109 15TH ST W ,Minneapolis,MN",44.967565,-93.279588,7,Loring Park,Central,1,3
-93.26979999997,44.9381299995999,30,Victory 1,2022-2023,4,30,2023/02/22 00:00:00+00,Snow Emergency,"3545 4 avenue south,Minneapolis,MN",44.93813,-93.2698,9,Central,Powderhorn,1,5
-93.2503309996758,44.9851440002954,31,Victory 1,2022-2023,4,31,2023/02/22 00:00:00+00,Snow Emergency,"415 UNIVERSITY AVE SE,Minneapolis,MN",44.985144,-93.250331,3,Marcy Holmes,University,1,4
-93.2780839997768,44.9678349997855,32,Victory 1,2022-2023,4,32,2023/02/22 00:00:00+00,Snow Emergency,"8 15th street west,Minneapolis,MN",44.967835,-93.278084,7,Loring Park,Central,1,3
-93.2626359996516,44.895312999995,33,Victory 1,2022-2023,4,33,2023/02/22 00:00:00+00,Snow Emergency,"5941 Chicago ave s,Minneapolis,MN",44.895313,-93.262636,11,Diamond Lake,Nokomis,1,6
-93.2520000001998,44.9300900002534,34,Victory 1,2022-2023,4,34,2023/02/22 00:00:00+00,Snow Emergency,"4009 Bloomington ave,Minneapolis,MN",44.93009,-93.252,8,Bancroft,Powderhorn,1,6
-93.2850109999577,44.9679879996465,35,Victory 1,2022-2023,4,35,2023/02/22 00:00:00+00,Snow Emergency,"429 15th st. W.,Minneapolis,MN",44.967988,-93.285011,7,Loring Park,Central,1,3
-93.2621099996767,44.9275099999866,36,Victory 1,2022-2023,4,36,2023/02/22 00:00:00+00,Snow Emergency,"4141 Chicago ave s,Minneapolis,MN",44.92751,-93.26211,8,Bancroft,Powderhorn,1,6
-93.2706299995748,44.9445499997827,37,Victory 1,2022-2023,4,37,2023/02/22 00:00:00+00,Snow Emergency,"3208 4th Ave S,Minneapolis,MN",44.94455,-93.27063,9,Central,Powderhorn,1,5
-93.2698600000389,44.9427700004352,38,Victory 1,2022-2023,4,38,2023/02/22 00:00:00+00,Snow Emergency,"3309 4th Ave s,Minneapolis,MN",44.94277,-93.26986,9,Central,Powderhorn,1,5
-93.283667000032,44.9680820003841,39,Victory 1,2022-2023,4,39,2023/02/22 00:00:00+00,Snow Emergency,"330 15 st w ,Minneapolis,MN",44.968082,-93.283667,7,Loring Park,Central,1,3
-93.2836399996862,44.9680790002457,40,Victory 1,2022-2023,4,40,2023/02/22 00:00:00+00,Snow Emergency,"328 15 st w,Minneapolis,MN",44.968079,-93.28364,7,Loring Park,Central,1,3
-93.2366710001665,44.9858620001312,41,Victory 1,2022-2023,4,41,2023/02/22 00:00:00+00,Snow Emergency,"1100 8th st se,Minneapolis,MN",44.985862,-93.236671,3,Marcy Holmes,University,1,4
-93.2527899997586,44.9344200002828,42,Victory 1,2022-2023,4,42,2023/02/22 00:00:00+00,Snow Emergency,"3742 Bloomington ave,Minneapolis,MN",44.93442,-93.25279,9,Powderhorn Park,Powderhorn,1,6
-93.2620800000919,44.9336499998477,43,Victory 1,2022-2023,4,43,2023/02/22 00:00:00+00,Snow Emergency,"3813 Chicago Avenue South,Minneapolis,MN",44.93365,-93.26208,8,Bancroft,Powderhorn,1,6
-93.2436799996323,44.9885700000055,44,Victory 1,2022-2023,4,44,2023/02/22 00:00:00+00,Snow Emergency,"600 8th street se,Minneapolis,MN",44.98857,-93.24368,3,Marcy Holmes,University,1,4
-93.2699099996468,44.9460000000999,45,Victory 1,2022-2023,4,45,2023/02/22 00:00:00+00,Snow Emergency,"3117 4TH AVE S,Minneapolis,MN",44.946,-93.26991,9,Central,Powderhorn,1,5
-93.2520000001998,44.9300900002534,46,Victory 1,2022-2023,4,46,2023/02/22 00:00:00+00,Snow Emergency,"4009 Bloomington Avenue South,Minneapolis,MN",44.93009,-93.252,8,Bancroft,Powderhorn,1,6
-93.2769499996427,44.9638100003313,47,Victory 1,2022-2023,4,47,2023/02/22 00:00:00+00,Snow Emergency,"1900 1 st av s,Minneapolis,MN",44.96381,-93.27695,6,Steven's Square - Loring Heights,Central,1,3
-93.2520400002458,44.9403100003063,48,Victory 1,2022-2023,4,48,2023/02/22 00:00:00+00,Snow Emergency,"3433 Bloomington ave ,Minneapolis,MN",44.94031,-93.25204,9,Powderhorn Park,Powderhorn,1,6
-93.2472800001718,44.9840399997462,49,Victory 1,2022-2023,4,49,2023/02/22 00:00:00+00,Snow Emergency,"601 UNIVERSITY AVE SE,Minneapolis,MN",44.98404,-93.24728,3,Marcy Holmes,University,1,4
-93.2790799998421,44.9674599995794,50,Victory 1,2022-2023,4,50,2023/02/22 00:00:00+00,Snow Emergency,"27 15th st west ,Minneapolis,MN",44.96746,-93.27908,7,Loring Park,Central,1,3
-93.283099999965,44.9675900001784,51,Victory 1,2022-2023,4,51,2023/02/22 00:00:00+00,Snow Emergency,"315 15TH ST W,Minneapolis,MN",44.96759,-93.2831,7,Loring Park,Central,1,3
-93.2498799995623,44.9852099997417,52,Victory 1,2022-2023,4,52,2023/02/22 00:00:00+00,Snow Emergency,"409 university ave se,Minneapolis,MN",44.98521,-93.24988,3,Marcy Holmes,University,1,4
-93.2769499996427,44.9649400002808,53,Victory 1,2022-2023,4,53,2023/02/22 00:00:00+00,Snow Emergency,"1800 1ST AVE S,Minneapolis,MN",44.96494,-93.27695,6,Steven's Square - Loring Heights,Central,1,3
-93.245559999994,44.9834599999791,54,Victory 1,2022-2023,4,54,2023/02/22 00:00:00+00,Snow Emergency,"709 university ave se ,Minneapolis,MN",44.98346,-93.24556,3,Marcy Holmes,University,1,4
-93.272595000259,44.9355740004398,55,Victory 1,2022-2023,4,55,2023/02/22 00:00:00+00,Snow Emergency,"3715 3rd Ave S,Minneapolis,MN",44.935574,-93.272595,8,Central,Powderhorn,1,5
-93.2959400003307,45.0195699996558,56,Victory 1,2022-2023,4,56,2023/02/22 00:00:00+00,Snow Emergency,"3535 FREMONT AVE N,Minneapolis,MN",45.01957,-93.29594,4,Folwell,Camden,1,1
-93.2952200004027,45.0152300000645,57,Victory 1,2022-2023,4,57,2023/02/22 00:00:00+00,Snow Emergency,"3300 FREMONT AVE N,Minneapolis,MN",45.01523,-93.29522,4,Folwell,Camden,1,1
-93.2724699998905,44.9474399999561,58,Victory 1,2022-2023,4,58,2023/02/22 00:00:00+00,Snow Emergency,"3025 3RD AVE S,Minneapolis,MN",44.94744,-93.27247,9,Central,Powderhorn,1,5
-93.2769800001269,44.9516899998936,59,Victory 1,2022-2023,4,59,2023/02/22 00:00:00+00,Snow Emergency,"2800 1st Ave s,Minneapolis,MN",44.95169,-93.27698,10,Whittier,Powderhorn,1,3
-93.2911400002108,45.0487400003508,60,Victory 1,2022-2023,4,60,2023/02/22 00:00:00+00,Snow Emergency,"5138 Bryant Ave N mpls ,Minneapolis,MN",45.04874,-93.29114,4,Lind - Bohanon,Camden,1,1
-93.2766649999897,44.9661250000688,61,Victory 1,2022-2023,4,61,2023/02/22 00:00:00+00,Snow Emergency,"1700 1st av s,Minneapolis,MN",44.966125,-93.276665,6,Steven's Square - Loring Heights,Central,1,3
-93.2769499996427,44.9649400002808,62,Victory 1,2022-2023,4,62,2023/02/22 00:00:00+00,Snow Emergency,"1800 1st ave south ,Minneapolis,MN",44.96494,-93.27695,6,Steven's Square - Loring Heights,Central,1,3
-93.2326700000204,44.9042999998452,63,Victory 1,2022-2023,4,63,2023/02/22 00:00:00+00,Snow Emergency,"5432 28th ave s,Minneapolis,MN",44.9043,-93.23267,11,Wenonah,Nokomis,1,6
-93.240494000198,44.9811790000109,64,Victory 1,2022-2023,4,64,2023/02/22 00:00:00+00,Snow Emergency,"300 11th ave se ,Minneapolis,MN",44.981179,-93.240494,3,Marcy Holmes,University,1,4
-93.2918600001389,45.0482500002374,65,Victory 1,2022-2023,4,65,2023/02/22 00:00:00+00,Snow Emergency,"5119 Bryant Ave N mols,Minneapolis,MN",45.04825,-93.29186,4,Lind - Bohanon,Camden,1,1
-93.26979999997,44.9381299995999,66,Victory 1,2022-2023,4,66,2023/02/22 00:00:00+00,Snow Emergency,"3545 4th Ave S,Minneapolis,MN",44.93813,-93.2698,9,Central,Powderhorn,1,5
-93.2528200002428,44.9401199996383,67,Victory 1,2022-2023,4,67,2023/02/22 00:00:00+00,Snow Emergency,"3434 bloomington ave so,Minneapolis,MN",44.94012,-93.25282,9,Powderhorn Park,Powderhorn,1,6
-93.2766649999897,44.9661250000688,68,Victory 1,2022-2023,4,68,2023/02/22 00:00:00+00,Snow Emergency,"1700 1 AV S,Minneapolis,MN",44.966125,-93.276665,6,Steven's Square - Loring Heights,Central,1,3
-93.2784400000059,44.9675799997173,69,Victory 1,2022-2023,4,69,2023/02/22 00:00:00+00,Snow Emergency,"11 15TH ST W,Minneapolis,MN",44.96758,-93.27844,7,Loring Park,Central,1,3
-93.2320749995615,44.9152520003795,70,Victory 1,2022-2023,4,70,2023/02/22 00:00:00+00,Snow Emergency,"4823 28th ave,Minneapolis,MN",44.915252,-93.232075,12,Keewaydin,Nokomis,1,6
-93.240494000198,44.9811790000109,71,Victory 1,2022-2023,4,71,2023/02/22 00:00:00+00,Snow Emergency,"300 BLK 11TH AVE SE,Minneapolis,MN",44.981179,-93.240494,3,Marcy Holmes,University,1,4
-93.2774399997562,44.9637399998012,72,Victory 1,2022-2023,4,72,2023/02/22 00:00:00+00,Snow Emergency,"1 19TH ST E,Minneapolis,MN",44.96374,-93.27744,6,Steven's Square - Loring Heights,Central,1,3
-93.2766649999897,44.9661250000688,73,Victory 1,2022-2023,4,73,2023/02/22 00:00:00+00,Snow Emergency,"1700 1 AV S,Minneapolis,MN",44.966125,-93.276665,6,Steven's Square - Loring Heights,Central,1,3
-93.2767050000357,44.9554699997407,74,Victory 1,2022-2023,4,74,2023/02/22 00:00:00+00,Snow Emergency,"2600 1st Ave s,Minneapolis,MN",44.95547,-93.276705,10,Whittier,Powderhorn,1,3
-93.2355279996174,44.987724999709,75,Victory 1,2022-2023,4,75,2023/02/22 00:00:00+00,Snow Emergency,"1124 Como ave s4,Minneapolis,MN",44.987725,-93.235528,2,Como,University,1,4
-93.2341610004298,44.9879750004459,76,Victory 1,2022-2023,4,76,2023/02/23 00:00:00+00,Snow Emergency,"1225 Como ave se,Minneapolis,MN",44.987975,-93.234161,2,Como,University,1,4
-93.2455699995558,44.9834700004402,77,Victory 1,2022-2023,4,77,2023/02/23 00:00:00+00,Snow Emergency,"707 UNIVERSITY AVE SE,Minneapolis,MN",44.98347,-93.24557,3,Marcy Holmes,University,1,4
-93.2463539997373,44.9845580002516,78,Victory 1,2022-2023,4,78,2023/02/23 00:00:00+00,Snow Emergency,"610 4TH ST SE,Minneapolis,MN",44.984558,-93.246354,3,Marcy Holmes,University,1,4
-93.2396000003397,44.9466850002127,79,Victory 1,2022-2023,4,79,2023/02/23 00:00:00+00,Snow Emergency,"2250 31st st e,Minneapolis,MN",44.946685,-93.2396,9,Corcoran,Powderhorn,1,6
-93.2396000003397,44.9466850002127,80,Victory 1,2022-2023,4,80,2023/02/23 00:00:00+00,Snow Emergency,"2250 31st st e,Minneapolis,MN",44.946685,-93.2396,9,Corcoran,Powderhorn,1,6
-93.2396000003397,44.9466850002127,81,Victory 1,2022-2023,4,81,2023/02/23 00:00:00+00,Snow Emergency,"2250 31st st e,Minneapolis,MN",44.946685,-93.2396,9,Corcoran,Powderhorn,1,6
-93.2450519999498,44.9840399997462,82,Victory 1,2022-2023,4,82,2023/02/23 00:00:00+00,Snow Emergency,"728 4TH ST SE,Minneapolis,MN",44.98404,-93.245052,3,Marcy Holmes,University,1,4
-93.240494000198,44.9811790000109,83,Victory 1,2022-2023,4,83,2023/02/23 00:00:00+00,Snow Emergency,"300-BLOCK 11TH AVE SE,Minneapolis,MN",44.981179,-93.240494,3,Marcy Holmes,University,1,4
-93.2769499996427,44.9649400002808,84,Victory 1,2022-2023,4,84,2023/02/23 00:00:00+00,Snow Emergency,"1800 1st ave south ,Minneapolis,MN",44.96494,-93.27695,6,Steven's Square - Loring Heights,Central,1,3
-93.2915749995865,45.0391640003184,85,Victory 1,2022-2023,4,85,2023/02/23 00:00:00+00,Snow Emergency,"4623 Bryant av n,Minneapolis,MN",45.039164,-93.291575,4,Lind - Bohanon,Camden,1,1
-93.2954290001482,45.0223130002448,86,Victory 1,2022-2023,4,86,2023/02/23 00:00:00+00,Snow Emergency,"3700 FREMONT AVE N,Minneapolis,MN",45.022313,-93.295429,4,Folwell,Camden,1,1
-93.2954290001482,45.0223130002448,87,Victory 1,2022-2023,4,87,2023/02/23 00:00:00+00,Snow Emergency,"3700 FREMONT AVE N,Minneapolis,MN",45.022313,-93.295429,4,Folwell,Camden,1,1
-93.2436100000015,44.9637799998472,88,Victory 1,2022-2023,4,88,2023/02/23 00:00:00+00,Snow Emergency,"2009 9TH ST S,Minneapolis,MN",44.96378,-93.24361,6,Seward,Longfellow,1,4
-93.2782720003525,44.9678349997855,89,Victory 1,2022-2023,4,89,2023/02/23 00:00:00+00,Snow Emergency,"24 15TH ST W,Minneapolis,MN",44.967835,-93.278272,7,Loring Park,Central,1,3
-93.2724699998905,44.947560000094,90,Victory 1,2022-2023,4,90,2023/02/23 00:00:00+00,Snow Emergency,"3021 3rd Ave S,Minneapolis,MN",44.94756,-93.27247,9,Central,Powderhorn,1,5
-93.2795010003708,44.9686189999669,91,Victory 1,2022-2023,4,91,2023/02/23 00:00:00+00,Snow Emergency,"1400 LASALLE AVE ,Minneapolis,MN",44.968619,-93.279501,7,Loring Park,Central,1,3
-93.2766649999897,44.9661250000688,92,Victory 1,2022-2023,4,92,2023/02/23 00:00:00+00,Snow Emergency,"1700 1st Ave s ,Minneapolis,MN",44.966125,-93.276665,6,Steven's Square - Loring Heights,Central,1,3
-93.2781540003068,44.9678349997855,93,Victory 1,2022-2023,4,93,2023/02/23 00:00:00+00,Snow Emergency,"14 15 st w,Minneapolis,MN",44.967835,-93.278154,7,Loring Park,Central,1,3
-93.2829599998041,44.9761049998459,94,Victory 1,2022-2023,4,94,2023/02/23 00:00:00+00,Snow Emergency,"1328 linden av ,Minneapolis,MN",44.976105,-93.28296,5,North Loop,Central,1,3
-93.2766649999897,44.9661250000688,95,Victory 1,2022-2023,4,95,2023/02/23 00:00:00+00,Snow Emergency,"1700 1 AV S,Minneapolis,MN",44.966125,-93.276665,6,Steven's Square - Loring Heights,Central,1,3
-93.2470670002418,44.9466949997745,96,Victory 1,2022-2023,4,96,2023/02/23 00:00:00+00,Snow Emergency,"1830 31st Street East,Minneapolis,MN",44.946695,-93.247067,9,Corcoran,Powderhorn,1,6
-93.2399480002,44.9466850002127,97,Victory 1,2022-2023,4,97,2023/02/23 00:00:00+00,Snow Emergency,"2240 31st st e,Minneapolis,MN",44.946685,-93.239948,9,Corcoran,Powderhorn,1,6
-93.2319140002309,44.9231450001417,98,Victory 1,2022-2023,4,98,2023/02/23 00:00:00+00,Snow Emergency,"2805 East 44th Street,Minneapolis,MN",44.923145,-93.231914,12,Ericsson,Nokomis,1,6
-93.2438009998162,44.9638799999621,99,Victory 1,2022-2023,4,99,2023/02/23 00:00:00+00,Snow Emergency,"2025 9th st s ,Minneapolis,MN",44.96388,-93.243801,6,Seward,Longfellow,1,4
-93.2366999997052,44.9637500002623,100,Victory 1,2022-2023,4,100,2023/02/23 00:00:00+00,Snow Emergency,"2417 9TH ST S,Minneapolis,MN",44.96375,-93.2367,6,Seward,Longfellow,1,4
-93.2939399998311,45.0133800001869,101,Victory 1,2022-2023,4,101,2023/02/23 00:00:00+00,Snow Emergency,"3200 Emerson Avenue n,Minneapolis,MN",45.01338,-93.29394,4,Folwell,Camden,1,1
-93.2390259999499,44.9638250001237,102,Victory 1,2022-2023,4,102,2023/02/23 00:00:00+00,Snow Emergency,"2315 9th st s,Minneapolis,MN",44.963825,-93.239026,6,Seward,Longfellow,1,4
-93.2769499996427,44.9638100003313,103,Victory 1,2022-2023,4,103,2023/02/23 00:00:00+00,Snow Emergency,"1900 1ST ave south ,Minneapolis,MN",44.96381,-93.27695,6,Steven's Square - Loring Heights,Central,1,3
-93.2800800000919,44.961660000109,104,Victory 1,2022-2023,4,104,2023/02/23 00:00:00+00,Snow Emergency,"2100 BLAISDELL ave ,Minneapolis,MN",44.96166,-93.28008,10,Whittier,Powderhorn,1,3
-93.2406870001049,44.9638440001005,105,Victory 1,2022-2023,4,105,2023/02/23 00:00:00+00,Snow Emergency,"2203 9TH ST S,Minneapolis,MN",44.963844,-93.240687,6,Seward,Longfellow,1,4
-93.2422290001682,44.9638549997085,106,Victory 1,2022-2023,4,106,2023/02/23 00:00:00+00,Snow Emergency,"2105 9TH ST S,Minneapolis,MN",44.963855,-93.242229,6,Seward,Longfellow,1,4
-93.2496190001168,44.9466850002127,107,Victory 1,2022-2023,4,107,2023/02/23 00:00:00+00,Snow Emergency,"1724 31st st e,Minneapolis,MN",44.946685,-93.249619,9,Powderhorn Park,Powderhorn,1,6
-93.2495640002783,44.9466850002127,108,Victory 1,2022-2023,4,108,2023/02/23 00:00:00+00,Snow Emergency,"1736 31st st e,Minneapolis,MN",44.946685,-93.249564,9,Powderhorn Park,Powderhorn,1,6
-93.2766649999897,44.9661250000688,109,Victory 1,2022-2023,4,109,2023/02/23 00:00:00+00,Snow Emergency,"1700 1st Ave s ,Minneapolis,MN",44.966125,-93.276665,6,Steven's Square - Loring Heights,Central,1,3
-93.2800800000919,44.9606599998592,110,Victory 1,2022-2023,4,110,2023/02/23 00:00:00+00,Snow Emergency,"2200 blaisdell AVE,Minneapolis,MN",44.96066,-93.28008,10,Whittier,Powderhorn,1,3
-93.2495640002783,44.9466850002127,111,Victory 1,2022-2023,4,111,2023/02/23 00:00:00+00,Snow Emergency,"1736 E 31ST ST,Minneapolis,MN",44.946685,-93.249564,9,Powderhorn Park,Powderhorn,1,6
-93.2769499996427,44.9638100003313,112,Victory 1,2022-2023,4,112,2023/02/23 00:00:00+00,Snow Emergency,"1900 1ST AVE S ,Minneapolis,MN",44.96381,-93.27695,6,Steven's Square - Loring Heights,Central,1,3
-93.2419930000768,44.9638549997085,113,Victory 1,2022-2023,4,113,2023/02/23 00:00:00+00,Snow Emergency,"2125 9TH ST S,Minneapolis,MN",44.963855,-93.241993,6,Seward,Longfellow,1,4
-93.2485100002363,45.0498650000698,114,Victory 1,2022-2023,4,114,2023/02/23 00:00:00+00,Snow Emergency,"900 45th ave no mpls,Minneapolis,MN",45.049865,-93.24851,0, , ,1,0
-93.2766649999897,44.9661250000688,115,Victory 1,2022-2023,4,115,2023/02/23 00:00:00+00,Snow Emergency,"1700 1ST AVE S ,Minneapolis,MN",44.966125,-93.276665,6,Steven's Square - Loring Heights,Central,1,3
-93.2391500002723,44.9638250001237,116,Victory 1,2022-2023,4,116,2023/02/23 00:00:00+00,Snow Emergency,"2305 9th st s,Minneapolis,MN",44.963825,-93.23915,6,Seward,Longfellow,1,4
-93.2916209999092,45.0368250003735,117,Victory 1,2022-2023,4,117,2023/02/23 00:00:00+00,Snow Emergency,"900 45th ave n,Minneapolis,MN",45.036825,-93.291621,4,Lind - Bohanon,Camden,1,1
-93.2829229998965,44.9761049998459,118,Victory 1,2022-2023,4,118,2023/02/23 00:00:00+00,Snow Emergency,"1306 linden av ,Minneapolis,MN",44.976105,-93.282923,5,North Loop,Central,1,3
-93.2769499996427,44.9638100003313,119,Victory 1,2022-2023,4,119,2023/02/23 00:00:00+00,Snow Emergency,"1900 1 AV S,Minneapolis,MN",44.96381,-93.27695,6,Steven's Square - Loring Heights,Central,1,3
-93.2769499996427,44.9638100003313,120,Victory 1,2022-2023,4,120,2023/02/23 00:00:00+00,Snow Emergency,"1900 1 AV S,Minneapolis,MN",44.96381,-93.27695,6,Steven's Square - Loring Heights,Central,1,3
-93.2727249999588,44.9481559996997,121,Victory 1,2022-2023,4,121,2023/02/23 00:00:00+00,Snow Emergency,"3015 3rd Ave S,Minneapolis,MN",44.948156,-93.272725,9,Central,Powderhorn,1,5
-93.2405449998518,44.964111999869,122,Victory 1,2022-2023,4,122,2023/02/23 00:00:00+00,Snow Emergency,"2214 9th st s ,Minneapolis,MN",44.964112,-93.240545,6,Seward,Longfellow,1,4
-93.2416260002397,44.9638549997085,123,Victory 1,2022-2023,4,123,2023/02/23 00:00:00+00,Snow Emergency,"2115 9TH ST S,Minneapolis,MN",44.963855,-93.241626,6,Seward,Longfellow,1,4
-93.2426499997976,44.9638900004232,124,Victory 1,2022-2023,4,124,2023/02/23 00:00:00+00,Snow Emergency,"912 21ST AVE S,Minneapolis,MN",44.96389,-93.24265,6,Seward,Longfellow,1,4
-93.2769499996427,44.9649400002808,125,Victory 1,2022-2023,4,125,2023/02/23 00:00:00+00,Snow Emergency,"1800 1st Ave s ,Minneapolis,MN",44.96494,-93.27695,6,Steven's Square - Loring Heights,Central,1,3
-93.2954449999867,45.0132699996108,126,Victory 1,2022-2023,4,126,2023/02/23 00:00:00+00,Snow Emergency,"3200 Fremont ave n,Minneapolis,MN",45.01327,-93.295445,4,Folwell,Camden,1,1
-93.2405449998518,44.964111999869,127,Victory 1,2022-2023,4,127,2023/02/23 00:00:00+00,Snow Emergency,"2214 9TH ST S,Minneapolis,MN",44.964112,-93.240545,6,Seward,Longfellow,1,4
-93.2829300002193,44.9761049998459,128,Victory 1,2022-2023,4,128,2023/02/23 00:00:00+00,Snow Emergency,"1310 linden av,Minneapolis,MN",44.976105,-93.28293,5,North Loop,Central,1,3
-93.2390510002035,44.9638250001237,129,Victory 1,2022-2023,4,129,2023/02/23 00:00:00+00,Snow Emergency,"2313 9th st,Minneapolis,MN",44.963825,-93.239051,6,Seward,Longfellow,1,4
-93.2414239999176,44.853550999579,130,Victory 1,2022-2023,4,130,2023/02/23 00:00:00+00,Snow Emergency,"2200 Blaisedell AVE S ,Minneapolis,MN",44.853551,-93.241424,0, , ,1,0
-93.2407100002663,44.9638450001467,131,Victory 1,2022-2023,4,131,2023/02/23 00:00:00+00,Snow Emergency,"2201 9TH ST S ,Minneapolis,MN",44.963845,-93.24071,6,Seward,Longfellow,1,4
-93.2390999997651,44.9638250001237,132,Victory 1,2022-2023,4,132,2023/02/23 00:00:00+00,Snow Emergency,"2309 9TH ST S,Minneapolis,MN",44.963825,-93.2391,6,Seward,Longfellow,1,4
-93.2225599996442,44.9191999998802,133,Victory 1,2022-2023,4,133,2023/02/23 00:00:00+00,Snow Emergency,"4613 34th ave s,Minneapolis,MN",44.9192,-93.22256,12,Ericsson,Nokomis,1,6
-93.2495919997709,44.9466850002127,134,Victory 1,2022-2023,4,134,2023/02/23 00:00:00+00,Snow Emergency,"1730 E 31st St,Minneapolis,MN",44.946685,-93.249592,9,Powderhorn Park,Powderhorn,1,6
-93.279919999908,44.956980000127,135,Victory 1,2022-2023,4,135,2023/02/23 00:00:00+00,Snow Emergency,"2500 BLAISDELL AVE,Minneapolis,MN",44.95698,-93.27992,10,Whittier,Powderhorn,1,3
-93.2495640002783,44.9466850002127,136,Victory 1,2022-2023,4,136,2023/02/23 00:00:00+00,Snow Emergency,"1736 31st st e,Minneapolis,MN",44.946685,-93.249564,9,Powderhorn Park,Powderhorn,1,6
-93.2829369996428,44.9761049998459,137,Victory 1,2022-2023,4,137,2023/02/23 00:00:00+00,Snow Emergency,"1314 linden av ,Minneapolis,MN",44.976105,-93.282937,5,North Loop,Central,1,3
-93.2198200000929,44.9266899999436,138,Victory 1,2022-2023,4,138,2023/02/23 00:00:00+00,Snow Emergency,"3609 42nd st e,Minneapolis,MN",44.92669,-93.21982,12,Hiawatha,Longfellow,1,6
-93.2520170000845,44.9394249999638,139,Victory 1,2022-2023,4,139,2023/02/23 00:00:00+00,Snow Emergency,"1549 35th st e,Minneapolis,MN",44.939425,-93.252017,9,Powderhorn Park,Powderhorn,1,6
-93.2829530003806,44.9761049998459,140,Victory 1,2022-2023,4,140,2023/02/23 00:00:00+00,Snow Emergency,"1324 Linden ave,Minneapolis,MN",44.976105,-93.282953,5,North Loop,Central,1,3
-93.2954850000327,45.0114500002174,141,Victory 1,2022-2023,4,141,2023/02/23 00:00:00+00,Snow Emergency,"3000 Fremont Avenue N,Minneapolis,MN",45.01145,-93.295485,5,Jordan,Near North,1,1
-93.240617999621,44.9638430000545,142,Victory 1,2022-2023,4,142,2023/02/23 00:00:00+00,Snow Emergency,"2209 9TH ST S,Minneapolis,MN",44.963843,-93.240618,6,Seward,Longfellow,1,4
-93.2225500000824,44.920900000035,143,Victory 1,2022-2023,4,143,2023/02/23 00:00:00+00,Snow Emergency,"4517 34th ave s,Minneapolis,MN",44.9209,-93.22255,12,Ericsson,Nokomis,1,6
-93.2281439999456,44.9205700001055,144,Victory 1,2022-2023,4,144,2023/02/23 00:00:00+00,Snow Emergency,"4531 nokomiS avenue,MINNEAPOLIS,MN",44.92057,-93.228144,12,Ericsson,Nokomis,1,6
-93.2996840003163,44.9788790000658,145,Victory 1,2022-2023,4,145,2023/02/23 00:00:00+00,Snow Emergency,"1505 2nd Ave n ,Minneapolis,MN",44.978879,-93.299684,5,Harrison,Near North,1,3
-93.2996640002933,44.9788780000197,146,Victory 1,2022-2023,4,146,2023/02/23 00:00:00+00,Snow Emergency,"1503 2nd ave north ,Minneapolis,MN",44.978878,-93.299664,5,Harrison,Near North,1,3
-93.2998210003389,44.9788929998122,147,Victory 1,2022-2023,4,147,2023/02/23 00:00:00+00,Snow Emergency,"1519 2nd Ave n,Minneapolis,MN",44.978893,-93.299821,5,Harrison,Near North,1,3
-93.281104999696,45.0154090002252,148,Victory 1,2022-2023,4,148,2023/02/23 00:00:00+00,Snow Emergency,"3333 2ND ST N,Minneapolis,MN",45.015409,-93.281105,4,McKinley,Camden,1,1
-93.2810730000189,45.0151540001571,149,Victory 1,2022-2023,4,149,2023/02/23 00:00:00+00,Snow Emergency,"3321 2ND ST N,Minneapolis,MN",45.015154,-93.281073,4,McKinley,Camden,1,1
-93.2358500000774,44.9638399999161,150,Victory 1,2022-2023,4,150,2023/02/23 00:00:00+00,Snow Emergency,"2515 9th st s,Minneapolis,MN",44.96384,-93.23585,6,Seward,Longfellow,1,4
-93.239198999834,44.9638250001237,151,Victory 1,2022-2023,4,151,2023/02/23 00:00:00+00,Snow Emergency,"2301 9TH ST S,Minneapolis,MN",44.963825,-93.239199,6,Seward,Longfellow,1,4
-93.2358389995701,44.9638549997085,152,Victory 1,2022-2023,4,152,2023/02/23 00:00:00+00,Snow Emergency,"2513 9th st s,Minneapolis,MN",44.963855,-93.235839,6,Seward,Longfellow,1,4
-93.2999190003615,44.9789040003194,153,Victory 1,2022-2023,4,153,2023/02/23 00:00:00+00,Snow Emergency,"1529 2nd Ave n ,Minneapolis,MN",44.978904,-93.299919,5,Harrison,Near North,1,3
-93.2389510000885,44.9638250001237,154,Victory 1,2022-2023,4,154,2023/02/23 00:00:00+00,Snow Emergency,"2321 9TH ST S,Minneapolis,MN",44.963825,-93.238951,6,Seward,Longfellow,1,4
-93.2389510000885,44.9638250001237,155,Victory 1,2022-2023,4,155,2023/02/23 00:00:00+00,Snow Emergency,"2321 9TH ST S,Minneapolis,MN",44.963825,-93.238951,6,Seward,Longfellow,1,4
-93.2405269999211,44.9638420000083,156,Victory 1,2022-2023,4,156,2023/02/23 00:00:00+00,Snow Emergency,"2217 9TH ST S,Minneapolis,MN",44.963842,-93.240527,6,Seward,Longfellow,1,4
-93.2954850000327,45.0114500002174,157,Victory 1,2022-2023,4,157,2023/02/23 00:00:00+00,Snow Emergency,"3000 Fremont Avenue n ,Minneapolis,MN",45.01145,-93.295485,5,Jordan,Near North,1,1
-93.2389760003421,44.9638250001237,158,Victory 1,2022-2023,4,158,2023/02/23 00:00:00+00,Snow Emergency,"2319 9TH ST S,Minneapolis,MN",44.963825,-93.238976,6,Seward,Longfellow,1,4
-93.3014099998716,44.9787149996976,159,Victory 1,2022-2023,4,159,2023/02/23 00:00:00+00,Snow Emergency,"1501 2AV N,Minneapolis,MN",44.978715,-93.30141,5,Harrison,Near North,1,3
-93.2997420002931,44.9788850003425,160,Victory 1,2022-2023,4,160,2023/02/23 00:00:00+00,Snow Emergency,"1511 2 AV N,Minneapolis,MN",44.978885,-93.299742,5,Harrison,Near North,1,3
-93.2998990003386,44.9789010001811,161,Victory 1,2022-2023,4,161,2023/02/23 00:00:00+00,Snow Emergency,"1527 2nd ave north ,Minneapolis,MN",44.978901,-93.299899,5,Harrison,Near North,1,3
-93.2999380003384,44.9789060004116,162,Victory 1,2022-2023,4,162,2023/02/23 00:00:00+00,Snow Emergency,"1531 2nd Ave n ,Minneapolis,MN",44.978906,-93.299938,5,Harrison,Near North,1,3
-93.2060229996617,44.905504999656,163,Victory 1,2022-2023,4,163,2023/02/23 00:00:00+00,Snow Emergency,"4718 54th Street East,Minneapolis,MN",44.905505,-93.206023,12,Minnehaha,Nokomis,1,6
-93.2060310000306,44.905504999656,164,Victory 1,2022-2023,4,164,2023/02/23 00:00:00+00,Snow Emergency,"4716 54th Street East,Minneapolis,MN",44.905505,-93.206031,12,Minnehaha,Nokomis,1,6
-93.2359259999849,44.9638549997085,165,Victory 1,2022-2023,4,165,2023/02/23 00:00:00+00,Snow Emergency,"2505 9TH ST S,Minneapolis,MN",44.963855,-93.235926,6,Seward,Longfellow,1,4
-93.2018499996777,44.905524999679,166,Victory 1,2022-2023,4,166,2023/02/23 00:00:00+00,Snow Emergency,"5020 54th st e,Minneapolis,MN",44.905525,-93.20185,12,Minnehaha,Nokomis,1,6
-93.2998600003387,44.9788980000427,167,Victory 1,2022-2023,4,167,2023/02/23 00:00:00+00,Snow Emergency,"1523 2nd Ave n ,Minneapolis,MN",44.978898,-93.29986,5,Harrison,Near North,1,3
-93.2413659999409,44.8535519996251,168,Victory 1,2022-2023,4,168,2023/02/23 00:00:00+00,Snow Emergency,"2500 blasedell ave,Minneapolis,MN",44.853552,-93.241366,0, , ,1,0
-93.2413459999179,44.8535519996251,169,Victory 1,2022-2023,4,169,2023/02/23 00:00:00+00,Snow Emergency,"2600 blasedell ave,Minneapolis,MN",44.853552,-93.241346,0, , ,1,0
-93.3011100004261,44.9793999998102,170,Victory 1,2022-2023,4,170,2023/02/23 00:00:00+00,Snow Emergency,"215 cedar LAKE RD N,Minneapolis,MN",44.9794,-93.30111,5,Harrison,Near North,1,3
-93.2997170000395,44.979843999601,171,Victory 1,2022-2023,4,171,2023/02/23 00:00:00+00,Snow Emergency,"322 cedar lake road north ,Minneapolis,MN",44.979844,-93.299717,5,Harrison,Near North,1,3
-93.2340489997615,44.9638549997085,172,Victory 1,2022-2023,4,172,2023/02/23 00:00:00+00,Snow Emergency,"2609 9th st s,Minneapolis,MN",44.963855,-93.234049,6,Seward,Longfellow,1,4
-93.2340750000612,44.9638549997085,173,Victory 1,2022-2023,4,173,2023/02/23 00:00:00+00,Snow Emergency,"2607 9th st s,Minneapolis,MN",44.963855,-93.234075,6,Seward,Longfellow,1,4
-93.2285050004054,44.9166180004204,174,Victory 1,2022-2023,4,174,2023/02/23 00:00:00+00,Snow Emergency,"4728 Nokomis ave ,Minneapolis,MN",44.916618,-93.228505,12,Ericsson,Nokomis,1,6
-93.2657500002622,45.0126699998207,175,Victory 1,2022-2023,4,175,2023/02/23 00:00:00+00,Snow Emergency,"2415 2nd st no mpls,Minneapolis,MN",45.01267,-93.26575,3,Bottineau,Northeast,1,2
-93.2660349999153,45.0141749999763,176,Victory 1,2022-2023,4,176,2023/02/23 00:00:00+00,Snow Emergency,"2533 2nd st no mpls ,Minneapolis,MN",45.014175,-93.266035,1,Marshall Terrace,Northeast,1,2
-93.2325150000672,44.8987989997741,177,Victory 1,2022-2023,4,177,2023/02/23 00:00:00+00,Snow Emergency,"5730 28th Ave., MINNEAPOLIS,MN",44.898799,-93.232515,11,Wenonah,Nokomis,1,6
-93.2997610002699,44.9798069996933,178,Victory 1,2022-2023,4,178,2023/02/23 00:00:00+00,Snow Emergency,"316 CEDAR LAKE RD N,Minneapolis,MN",44.979807,-93.299761,5,Harrison,Near North,1,3
-93.2997610002699,44.9798069996933,179,Victory 1,2022-2023,4,179,2023/02/23 00:00:00+00,Snow Emergency,"316 CEDAR LAKE RD N,Minneapolis,MN",44.979807,-93.299761,5,Harrison,Near North,1,3
-93.2389510000885,44.9638250001237,180,Victory 1,2022-2023,4,180,2023/02/23 00:00:00+00,Snow Emergency,"2321 9TH ST S,Minneapolis,MN",44.963825,-93.238951,6,Seward,Longfellow,1,4
-93.2362949999143,44.9674720001328,181,Victory 1,2022-2023,4,181,2023/02/23 00:00:00+00,Snow Emergency,"600 block 25TH ave s,Minneapolis,MN",44.967472,-93.236295,2,Cedar Riverside,University,1,4
-93.2952700000105,45.0259400002309,182,Victory 1,2022-2023,4,182,2023/02/23 00:00:00+00,Snow Emergency,"3900 FREMONT AVE N,Minneapolis,MN",45.02594,-93.29527,4,Webber - Camden,Camden,1,1
-93.2362949999143,44.9664469996294,183,Victory 1,2022-2023,4,183,2023/02/23 00:00:00+00,Snow Emergency,"700 BLOCK 25TH AVE S,Minneapolis,MN",44.966447,-93.236295,2,Cedar Riverside,University,1,4
-93.2362949999143,44.9664469996294,184,Victory 1,2022-2023,4,184,2023/02/23 00:00:00+00,Snow Emergency,"700- BLOCK 25TH AVE S,Minneapolis,MN",44.966447,-93.236295,2,Cedar Riverside,University,1,4
-93.2362949999143,44.9664469996294,185,Victory 1,2022-2023,4,185,2023/02/23 00:00:00+00,Snow Emergency,"700-BLOCK 25TH AVE S,Minneapolis,MN",44.966447,-93.236295,2,Cedar Riverside,University,1,4
-93.2934299996947,44.9623699995758,186,Victory 1,2022-2023,4,186,2023/02/23 00:00:00+00,Snow Emergency,"2000 dupont ave s.,Minneapolis,MN",44.96237,-93.29343,7,Lowry Hill,Calhoun Isle,1,3
-93.206014000146,44.905504999656,187,Victory 1,2022-2023,4,187,2023/02/23 00:00:00+00,Snow Emergency,"4720 54th Street East,Minneapolis,MN",44.905505,-93.206014,12,Minnehaha,Nokomis,1,6
-93.2238780001695,44.9231450001417,188,Victory 1,2022-2023,4,188,2023/02/23 00:00:00+00,Snow Emergency,"3321 44th st e,Minneapolis,MN",44.923145,-93.223878,12,Ericsson,Nokomis,1,6
-93.2284990001287,44.9254739996254,189,Victory 1,2022-2023,4,189,2023/02/23 00:00:00+00,Snow Emergency,"4246 Nokomis Avenue South,Minneapolis,MN",44.925474,-93.228499,12,Ericsson,Nokomis,1,6
-93.2775700003552,44.9590399997962,190,Victory 1,2022-2023,4,190,2023/02/23 00:00:00+00,Snow Emergency,"17 24th st. E,Minneapolis,MN",44.95904,-93.27757,10,Whittier,Powderhorn,1,3
-93.2769499996427,44.9649400002808,191,Victory 1,2022-2023,4,191,2023/02/23 00:00:00+00,Snow Emergency,"1800 1st Ave s,Minneapolis,MN",44.96494,-93.27695,6,Steven's Square - Loring Heights,Central,1,3
-93.2798399998161,44.9652199997033,192,Victory 1,2022-2023,4,192,2023/02/23 00:00:00+00,Snow Emergency,"1800 Lasalle ,Minneapolis,MN",44.96522,-93.27984,7,Steven's Square - Loring Heights,Central,1,3
-93.2972100004411,44.9440500001075,193,Victory 1,2022-2023,4,193,2023/02/23 00:00:00+00,Snow Emergency,"3238 Girard Ave s,Minneapolis,MN",44.94405,-93.29721,10,South Uptown,Calhoun Isle,2,5
-93.2934970000865,44.9388699995509,194,Victory 1,2022-2023,4,194,2023/02/23 00:00:00+00,Snow Emergency,"3514 Dupont Ave S,Minneapolis,MN",44.93887,-93.293497,10,South Uptown,Calhoun Isle,2,5
-93.2936499999475,44.938920000058,195,Victory 1,2022-2023,4,195,2023/02/23 00:00:00+00,Snow Emergency,"3516 Dupont Ave S,Minneapolis,MN",44.93892,-93.29365,10,South Uptown,Calhoun Isle,2,5
-93.2525139996213,44.9871439998957,196,Victory 1,2022-2023,4,196,2023/02/23 00:00:00+00,Snow Emergency,"402 2ND AVE SE,Minneapolis,MN",44.987144,-93.252514,3,Marcy Holmes,University,2,4
-93.2281239999226,44.9306439997209,197,Victory 1,2022-2023,4,197,2023/02/23 00:00:00+00,Snow Emergency,"3048 40th Street East,Minneapolis,MN",44.930644,-93.228124,12,Standish,Powderhorn,2,6
-93.2286649996899,44.9306419996286,198,Victory 1,2022-2023,4,198,2023/02/23 00:00:00+00,Snow Emergency,"3038 40th Street East,Minneapolis,MN",44.930642,-93.228665,12,Standish,Powderhorn,2,6
-93.2500639999536,44.9856439999706,199,Victory 1,2022-2023,4,199,2023/02/23 00:00:00+00,Snow Emergency,"322 4TH AVE SE,Minneapolis,MN",44.985644,-93.250064,3,Marcy Holmes,University,2,4
-93.2817299997396,44.9477699998856,200,Victory 1,2022-2023,4,200,2023/02/23 00:00:00+00,Snow Emergency,"3024 Pillsbury ave s ,Minneapolis,MN",44.94777,-93.28173,8,Lyndale,Powderhorn,2,5
-93.2948300004041,44.9402599997992,201,Victory 1,2022-2023,4,201,2023/02/23 00:00:00+00,Snow Emergency,"3432 Emerson Ave S,Minneapolis,MN",44.94026,-93.29483,10,South Uptown,Calhoun Isle,2,5
-93.2794719999328,44.9689099998966,202,Victory 1,2022-2023,4,202,2023/02/23 00:00:00+00,Snow Emergency,"112 14th st w ,Minneapolis,MN",44.96891,-93.279472,7,Loring Park,Central,2,3
-93.2947409998972,44.9401090000304,203,Victory 1,2022-2023,4,203,2023/02/23 00:00:00+00,Snow Emergency,"3434 Emerson Ave S,Minneapolis,MN",44.940109,-93.294741,10,South Uptown,Calhoun Isle,2,5
-93.2281449999917,44.9306439997209,204,Victory 1,2022-2023,4,204,2023/02/23 00:00:00+00,Snow Emergency,"3044 40th st e,Minneapolis,MN",44.930644,-93.228145,12,Standish,Powderhorn,2,6
-93.28556100014,44.9972550003181,205,Victory 1,2022-2023,4,205,2023/02/23 00:00:00+00,Snow Emergency,"423 18TH AVE N,Minneapolis,MN",44.997255,-93.285561,5,Near - North,Near North,2,1
-93.2818299998546,44.9462099998916,206,Victory 1,2022-2023,4,206,2023/02/23 00:00:00+00,Snow Emergency,"3108 Pillsbury ave s ,Minneapolis,MN",44.94621,-93.28183,8,Lyndale,Powderhorn,2,5
-93.2852999997951,44.9971799995574,207,Victory 1,2022-2023,4,207,2023/02/23 00:00:00+00,Snow Emergency,"421 18TH AVE N,Minneapolis,MN",44.99718,-93.2853,5,Near - North,Near North,2,1
-93.2815050001556,44.9469410003269,208,Victory 1,2022-2023,4,208,2023/02/23 00:00:00+00,Snow Emergency,"3046 Pillsbury Ave ,Minneapolis,MN",44.946941,-93.281505,8,Lyndale,Powderhorn,2,5
-93.2809549999732,44.9674289999484,209,Victory 1,2022-2023,4,209,2023/02/23 00:00:00+00,Snow Emergency,"1506 SPRUCE PL,Minneapolis,MN",44.967429,-93.280955,7,Loring Park,Central,2,3
-93.2509739996503,44.986407000083,210,Victory 1,2022-2023,4,210,2023/02/23 00:00:00+00,Snow Emergency,"304 4TH ST SE,Minneapolis,MN",44.986407,-93.250974,3,Marcy Holmes,University,2,4
-93.2811499999725,44.9684999998751,211,Victory 1,2022-2023,4,211,2023/02/23 00:00:00+00,Snow Emergency,"1408 spruce ,Minneapolis,MN",44.9685,-93.28115,7,Loring Park,Central,2,3
-93.2524739995754,44.9871940004028,212,Victory 1,2022-2023,4,212,2023/02/23 00:00:00+00,Snow Emergency,"406 2ND AVE SE,Minneapolis,MN",44.987194,-93.252474,3,Marcy Holmes,University,2,4
-93.2809549999732,44.9674989995792,213,Victory 1,2022-2023,4,213,2023/02/23 00:00:00+00,Snow Emergency,"1502 SPRUCE PL,Minneapolis,MN",44.967499,-93.280955,7,Loring Park,Central,2,3
-93.2815050001556,44.9461800003068,214,Victory 1,2022-2023,4,214,2023/02/23 00:00:00+00,Snow Emergency,"3116 Pillsbury ave s ,Minneapolis,MN",44.94618,-93.281505,8,Lyndale,Powderhorn,2,5
-93.2702249997838,45.0048269996663,215,Victory 1,2022-2023,4,215,2023/02/23 00:00:00+00,Snow Emergency,"1630 GRAND ST NE,Minneapolis,MN",45.004827,-93.270225,3,Sheridan,Northeast,2,2
-93.2810099998116,44.9684500002673,216,Victory 1,2022-2023,4,216,2023/02/23 00:00:00+00,Snow Emergency,"1406 SPRUCE PLACE ,Minneapolis,MN",44.96845,-93.28101,7,Loring Park,Central,2,3
-93.2538849998928,44.9456500001475,217,Victory 1,2022-2023,4,217,2023/02/23 00:00:00+00,Snow Emergency,"3126 15th ave s,Minneapolis,MN",44.94565,-93.253885,9,Powderhorn Park,Powderhorn,2,6
-93.2795829996556,44.968913000035,218,Victory 1,2022-2023,4,218,2023/02/23 00:00:00+00,Snow Emergency,"120 14TH ST W ,Minneapolis,MN",44.968913,-93.279583,7,Loring Park,Central,2,3
-93.2281340003838,44.9306439997209,219,Victory 1,2022-2023,4,219,2023/02/23 00:00:00+00,Snow Emergency,"3046 40th st e,Minneapolis,MN",44.930644,-93.228134,12,Standish,Powderhorn,2,6
-93.2793889997025,44.9689069997583,220,Victory 1,2022-2023,4,220,2023/02/23 00:00:00+00,Snow Emergency,"106 14th st w ,Minneapolis,MN",44.968907,-93.279389,7,Loring Park,Central,2,3
-93.2815050001556,44.9454899999636,221,Victory 1,2022-2023,4,221,2023/02/23 00:00:00+00,Snow Emergency,"3132 Pillsbury Ave,Minneapolis,MN",44.94549,-93.281505,8,Lyndale,Powderhorn,2,5
-93.2452199996033,44.9461200002379,222,Victory 1,2022-2023,4,222,2023/02/23 00:00:00+00,Snow Emergency,"3108 19th Ave s,Minneapolis,MN",44.94612,-93.24522,9,Corcoran,Powderhorn,2,6
-93.2817000001548,44.9455500000325,223,Victory 1,2022-2023,4,223,2023/02/23 00:00:00+00,Snow Emergency,"3130 PILLSBURY AVE S,Minneapolis,MN",44.94555,-93.2817,8,Lyndale,Powderhorn,2,5
-93.2815050001556,44.9456700001704,224,Victory 1,2022-2023,4,224,2023/02/23 00:00:00+00,Snow Emergency,"3150 PILLSBURY AVE S,Minneapolis,MN",44.94567,-93.281505,8,Lyndale,Powderhorn,2,5
-93.2809549999732,44.967181000203,225,Victory 1,2022-2023,4,225,2023/02/23 00:00:00+00,Snow Emergency,"1520 SPRUCE PL,Minneapolis,MN",44.967181,-93.280955,7,Loring Park,Central,2,3
-93.2809549999732,44.9695359999865,226,Victory 1,2022-2023,4,226,2023/02/23 00:00:00+00,Snow Emergency,"1330 SPRUCE PL,Minneapolis,MN",44.969536,-93.280955,7,Loring Park,Central,2,3
-93.2623889999523,44.992698999759,227,Victory 1,2022-2023,4,227,2023/02/23 00:00:00+00,Snow Emergency,"156 5TH AVE NE,Minneapolis,MN",44.992699,-93.262389,3,St. Anthony West,Northeast,2,2
-93.2818400003158,44.9451400000111,228,Victory 1,2022-2023,4,228,2023/02/23 00:00:00+00,Snow Emergency,"3142 PILLSBURY AVE S,Minneapolis,MN",44.94514,-93.28184,8,Lyndale,Powderhorn,2,5
-93.2605109996829,44.9917469999241,229,Victory 1,2022-2023,4,229,2023/02/23 00:00:00+00,Snow Emergency,"202 4TH AVE NE,Minneapolis,MN",44.991747,-93.260511,3,St. Anthony West,Northeast,2,2
-93.2793620002561,44.9689059997121,230,Victory 1,2022-2023,4,230,2023/02/23 00:00:00+00,Snow Emergency,"104 14th st w ,Minneapolis,MN",44.968906,-93.279362,7,Loring Park,Central,2,3
-93.2319500000924,44.9422600002988,231,Victory 1,2022-2023,4,231,2023/02/23 00:00:00+00,Snow Emergency,"3316 SNELLING AVE S,Minneapolis,MN",44.94226,-93.23195,9,Longfellow,Longfellow,2,6
-93.2460310001305,44.9834149997025,232,Victory 1,2022-2023,4,232,2023/02/23 00:00:00+00,Snow Emergency,"306 7TH AVE SE,Minneapolis,MN",44.983415,-93.246031,3,Marcy Holmes,University,2,4
-93.2487369999126,44.9846219996056,233,Victory 1,2022-2023,4,233,2023/02/23 00:00:00+00,Snow Emergency,"316 5TH AVE SE,Minneapolis,MN",44.984622,-93.248737,3,Marcy Holmes,University,2,4
-93.2809549999732,44.9695129998251,234,Victory 1,2022-2023,4,234,2023/02/23 00:00:00+00,Snow Emergency,"1334 spruce pl,Minneapolis,MN",44.969513,-93.280955,7,Loring Park,Central,2,3
-93.2460259998999,44.9834230000715,235,Victory 1,2022-2023,4,235,2023/02/23 00:00:00+00,Snow Emergency,"308 7th ave se,Minneapolis,MN",44.983423,-93.246026,3,Marcy Holmes,University,2,4
-93.2809650004344,44.9690730002188,236,Victory 1,2022-2023,4,236,2023/02/23 00:00:00+00,Snow Emergency,"1366 spruce place ,Minneapolis,MN",44.969073,-93.280965,7,Loring Park,Central,2,3
-93.2809549999732,44.967181000203,237,Victory 1,2022-2023,4,237,2023/02/23 00:00:00+00,Snow Emergency,"1520 SPRUCE PLACE ,Minneapolis,MN",44.967181,-93.280955,7,Loring Park,Central,2,3
-93.2809549999732,44.967181000203,238,Victory 1,2022-2023,4,238,2023/02/23 00:00:00+00,Snow Emergency,"1520 SPRUCE PLACE ,Minneapolis,MN",44.967181,-93.280955,7,Loring Park,Central,2,3
-93.3183149997374,44.9991470003338,239,Victory 1,2022-2023,4,239,2023/02/23 00:00:00+00,Snow Emergency,"1906 XERXES AVE N,Minneapolis,MN",44.999147,-93.318315,5,Willard - Hay,Near North,2,1
-93.3180599996692,44.9993800002869,240,Victory 1,2022-2023,4,240,2023/02/23 00:00:00+00,Snow Emergency,"1914 XERXES AVE N,Minneapolis,MN",44.99938,-93.31806,5,Willard - Hay,Near North,2,1
-93.2496990002086,44.987177999665,241,Victory 1,2022-2023,4,241,2023/02/23 00:00:00+00,Snow Emergency,"314 5TH ST SE,Minneapolis,MN",44.987178,-93.249699,3,Marcy Holmes,University,2,4
-93.2754050003405,44.9658180003005,242,Victory 1,2022-2023,4,242,2023/02/23 00:00:00+00,Snow Emergency,"1722 Stevens av s,Minneapolis,MN",44.965818,-93.275405,6,Steven's Square - Loring Heights,Central,2,3
-93.2834000003097,44.9468699997507,243,Victory 1,2022-2023,4,243,2023/02/23 00:00:00+00,Snow Emergency,"3040 Pleasant Ave ,Minneapolis,MN",44.94687,-93.2834,8,Lyndale,Powderhorn,2,5
-93.2809650004344,44.9690730002188,244,Victory 1,2022-2023,4,244,2023/02/23 00:00:00+00,Snow Emergency,"1366 spruce place ,Minneapolis,MN",44.969073,-93.280965,7,Loring Park,Central,2,3
-93.237699999955,44.9440599996693,245,Victory 1,2022-2023,4,245,2023/02/23 00:00:00+00,Snow Emergency,"3216 24th av s,Minneapolis,MN",44.94406,-93.2377,9,Corcoran,Powderhorn,2,6
-93.2817299997396,44.9477699998856,246,Victory 1,2022-2023,4,246,2023/02/23 00:00:00+00,Snow Emergency,"3024 PILLSBURY AVE S,Minneapolis,MN",44.94777,-93.28173,8,Lyndale,Powderhorn,2,5
-93.2617300001394,44.9470200003728,247,Victory 1,2022-2023,4,247,2023/02/23 00:00:00+00,Snow Emergency,"3040 ELLIOT AVE S,Minneapolis,MN",44.94702,-93.26173,9,Powderhorn Park,Powderhorn,2,6
-93.2818299998546,44.946020000123,248,Victory 1,2022-2023,4,248,2023/02/23 00:00:00+00,Snow Emergency,"3112 PILLSBURY AVE S,Minneapolis,MN",44.94602,-93.28183,8,Lyndale,Powderhorn,2,5
-93.2809650004344,44.9690730002188,249,Victory 1,2022-2023,4,249,2023/02/23 00:00:00+00,Snow Emergency,"1366 SPRICE PL,Minneapolis,MN",44.969073,-93.280965,7,Loring Park,Central,2,3
-93.2809650004344,44.9690639998038,250,Victory 1,2022-2023,4,250,2023/02/23 00:00:00+00,Snow Emergency,"1368 SPRUCE PL,Minneapolis,MN",44.969064,-93.280965,7,Loring Park,Central,2,3
-93.2809549999732,44.9667629998127,251,Victory 1,2022-2023,4,251,2023/02/23 00:00:00+00,Snow Emergency,"1530 SPRUCE PLACE ,Minneapolis,MN",44.966763,-93.280955,7,Loring Park,Central,2,3
-93.2617300001394,44.9471399996113,252,Victory 1,2022-2023,4,252,2023/02/23 00:00:00+00,Snow Emergency,"3036 ELLIOT AVE S,Minneapolis,MN",44.94714,-93.26173,9,Powderhorn Park,Powderhorn,2,6
-93.2753949998793,44.9632899997338,253,Victory 1,2022-2023,4,253,2023/02/23 00:00:00+00,Snow Emergency,"1918 STEVENS AVE S,Minneapolis,MN",44.96329,-93.275395,6,Steven's Square - Loring Heights,Central,2,3
-93.2488349999352,44.9868269996663,254,Victory 1,2022-2023,4,254,2023/02/23 00:00:00+00,Snow Emergency,"416 5TH ST SE,Minneapolis,MN",44.986827,-93.248835,3,Marcy Holmes,University,2,4
-93.2762800002218,44.9653349996106,255,Victory 1,2022-2023,4,255,2023/02/23 00:00:00+00,Snow Emergency,"104 18TH ST E,Minneapolis,MN",44.965335,-93.27628,6,Steven's Square - Loring Heights,Central,2,3
-93.2753949998793,44.963392999987,256,Victory 1,2022-2023,4,256,2023/02/23 00:00:00+00,Snow Emergency,"1910 STEVENS AVE S,Minneapolis,MN",44.963393,-93.275395,6,Steven's Square - Loring Heights,Central,2,3
-93.2617199996782,44.946679999982,257,Victory 1,2022-2023,4,257,2023/02/23 00:00:00+00,Snow Emergency,"3052 ELLIOT AVE S,Minneapolis,MN",44.94668,-93.26172,9,Powderhorn Park,Powderhorn,2,6
-93.2422219998453,44.9880640000536,258,Victory 1,2022-2023,4,258,2023/02/23 00:00:00+00,Snow Emergency,"702 8TH ST SE,Minneapolis,MN",44.988064,-93.242222,3,Marcy Holmes,University,2,4
-93.2401949998993,44.9864100002214,259,Victory 1,2022-2023,4,259,2023/02/23 00:00:00+00,Snow Emergency,"730 9TH AVE SE,Minneapolis,MN",44.98641,-93.240195,3,Marcy Holmes,University,2,4
-93.237699999955,44.9441599997842,260,Victory 1,2022-2023,4,260,2023/02/23 00:00:00+00,Snow Emergency,"3212 24TH AVE S,Minneapolis,MN",44.94416,-93.2377,9,Corcoran,Powderhorn,2,6
-93.2445969996518,44.9829220003501,261,Victory 1,2022-2023,4,261,2023/02/23 00:00:00+00,Snow Emergency,"316 8th Avenue se ,Minneapolis,MN",44.982922,-93.244597,3,Marcy Holmes,University,2,4
-93.2446149995826,44.9828970000966,262,Victory 1,2022-2023,4,262,2023/02/23 00:00:00+00,Snow Emergency,"310 8TH AVE SE,Minneapolis,MN",44.982897,-93.244615,3,Marcy Holmes,University,2,4
-93.2754050003405,44.9658340001391,263,Victory 1,2022-2023,4,263,2023/02/23 00:00:00+00,Snow Emergency,"1720 STEVENS AV S ,Minneapolis,MN",44.965834,-93.275405,6,Steven's Square - Loring Heights,Central,2,3
-93.2482600003987,44.9863700001754,264,Victory 1,2022-2023,4,264,2023/02/23 00:00:00+00,Snow Emergency,"420 5TH ST SE,Minneapolis,MN",44.98637,-93.24826,3,Marcy Holmes,University,2,4
-93.2753949998793,44.9633299997797,265,Victory 1,2022-2023,4,265,2023/02/23 00:00:00+00,Snow Emergency,"1916 STEVENS AV S,Minneapolis,MN",44.96333,-93.275395,6,Steven's Square - Loring Heights,Central,2,3
-93.2750439998807,44.9640850004225,266,Victory 1,2022-2023,4,266,2023/02/23 00:00:00+00,Snow Emergency,"136 19th st e,Minneapolis,MN",44.964085,-93.275044,6,Steven's Square - Loring Heights,Central,2,3
-93.3183149997374,44.9991470003338,267,Victory 1,2022-2023,4,267,2023/02/23 00:00:00+00,Snow Emergency,"1906 xerxes av n ,Minneapolis,MN",44.999147,-93.318315,5,Willard - Hay,Near North,2,1
-93.2375999998401,44.9444800001519,268,Victory 1,2022-2023,4,268,2023/02/23 00:00:00+00,Snow Emergency,"3204 24th ave so,Minneapolis,MN",44.94448,-93.2376,9,Corcoran,Powderhorn,2,6
-93.2723250003984,44.9653450000717,269,Victory 1,2022-2023,4,269,2023/02/23 00:00:00+00,Snow Emergency,"304 18TH ST E,Minneapolis,MN",44.965345,-93.272325,6,Steven's Square - Loring Heights,Central,2,3
-93.2756819996246,44.9640669995924,270,Victory 1,2022-2023,4,270,2023/02/23 00:00:00+00,Snow Emergency,"120 19TH ST E ,Minneapolis,MN",44.964067,-93.275682,6,Steven's Square - Loring Heights,Central,2,3
-93.2414229998715,44.853550999579,271,Victory 1,2022-2023,4,271,2023/02/23 00:00:00+00,Snow Emergency,"2206 50TH AVE S,Minneapolis,MN",44.853551,-93.241423,0, , ,2,0
-93.2762230002912,44.9640549999384,272,Victory 1,2022-2023,4,272,2023/02/23 00:00:00+00,Snow Emergency,"110 19th st e,Minneapolis,MN",44.964055,-93.276223,6,Steven's Square - Loring Heights,Central,2,3
-93.2224330000828,44.9660649999998,273,Victory 1,2022-2023,4,273,2023/02/23 00:00:00+00,Snow Emergency,"1120 YALE AVE SE,Minneapolis,MN",44.966065,-93.222433,2,Prospect Park - East River Road,University,2,4
-93.3118700002003,44.9234099997717,274,Victory 1,2022-2023,4,274,2023/02/23 00:00:00+00,Snow Emergency,"4344 w lake Harriet Pkwy ,Minneapolis,MN",44.92341,-93.31187,13,Linden Hills,Southwest,2,5
-93.2456299996247,44.9853000002948,275,Victory 1,2022-2023,4,275,2023/02/23 00:00:00+00,Snow Emergency,"608 5th st se,Minneapolis,MN",44.9853,-93.24563,3,Marcy Holmes,University,2,4
-93.2538849998928,44.9462000003298,276,Victory 1,2022-2023,4,276,2023/02/23 00:00:00+00,Snow Emergency,"3106 15th Ave s ,Minneapolis,MN",44.9462,-93.253885,9,Powderhorn Park,Powderhorn,2,6
-93.244497999583,44.9851159999035,277,Victory 1,2022-2023,4,277,2023/02/23 00:00:00+00,Snow Emergency,"706 5th st se,Minneapolis,MN",44.985116,-93.244498,3,Marcy Holmes,University,2,4
-93.2616900000934,44.9442700003603,278,Victory 1,2022-2023,4,278,2023/02/23 00:00:00+00,Snow Emergency,"3212 elliot ave s,Minneapolis,MN",44.94427,-93.26169,9,Powderhorn Park,Powderhorn,2,6
-93.2615079997943,44.9442169997148,279,Victory 1,2022-2023,4,279,2023/02/23 00:00:00+00,Snow Emergency,"3210 Elliot ave s,Minneapolis,MN",44.944217,-93.261508,9,Powderhorn Park,Powderhorn,2,6
-93.2858449997469,44.9237449999318,280,Victory 1,2022-2023,4,280,2023/02/23 00:00:00+00,Snow Emergency,"4340 west Harriet lake pkwy,Minneapolis,MN",44.923745,-93.285845,8,King Field,Southwest,2,5
-93.2203179996759,44.9660949995846,281,Victory 1,2022-2023,4,281,2023/02/23 00:00:00+00,Snow Emergency,"1310 YALE AVE SE,Minneapolis,MN",44.966095,-93.220318,2,Prospect Park - East River Road,University,2,4
-93.2202839999067,44.9660949995846,282,Victory 1,2022-2023,4,282,2023/02/23 00:00:00+00,Snow Emergency,"1318 YALE AVE SE,Minneapolis,MN",44.966095,-93.220284,2,Prospect Park - East River Road,University,2,4
-93.2375100001863,44.9445899998287,283,Victory 1,2022-2023,4,283,2023/02/23 00:00:00+00,Snow Emergency,"3200 24th ave so,Minneapolis,MN",44.94459,-93.23751,9,Corcoran,Powderhorn,2,6
-93.2884100002213,45.0355649998249,284,Victory 1,2022-2023,4,284,2023/02/23 00:00:00+00,Snow Emergency,"720 44TH AVE N,Minneapolis,MN",45.035565,-93.28841,4,Lind - Bohanon,Camden,2,1
-93.2215380001786,44.9660690001843,285,Victory 1,2022-2023,4,285,2023/02/23 00:00:00+00,Snow Emergency,"1218 YALE AVE SE,Minneapolis,MN",44.966069,-93.221538,2,Prospect Park - East River Road,University,2,4
-93.3074800001019,45.0458809998083,286,Victory 1,2022-2023,4,286,2023/02/23 00:00:00+00,Snow Emergency,"2116 50th av n ,Minneapolis,MN",45.045881,-93.30748,4,Shingle Creek,Camden,2,1
-93.2202920002755,44.9660949995846,287,Victory 1,2022-2023,4,287,2023/02/23 00:00:00+00,Snow Emergency,"1316 Yale ave se,Minneapolis,MN",44.966095,-93.220292,2,Prospect Park - East River Road,University,2,4
-93.2717069997782,44.9640749999613,288,Victory 1,2022-2023,4,288,2023/02/23 00:00:00+00,Snow Emergency,"322 19th st e,Minneapolis,MN",44.964075,-93.271707,6,Steven's Square - Loring Heights,Central,2,3
-93.2864050003904,45.0241870003298,289,Victory 1,2022-2023,4,289,2023/02/23 00:00:00+00,Snow Emergency,"3804 6TH ST N ,Minneapolis,MN",45.024187,-93.286405,4,Webber - Camden,Camden,2,1
-93.2564250001136,44.9463279999373,290,Victory 1,2022-2023,4,290,2023/02/23 00:00:00+00,Snow Emergency,"3122 13th Ave s,Minneapolis,MN",44.946328,-93.256425,9,Powderhorn Park,Powderhorn,2,6
-93.2203009997913,44.9660949995846,291,Victory 1,2022-2023,4,291,2023/02/23 00:00:00+00,Snow Emergency,"1314 yale ave se,Minneapolis,MN",44.966095,-93.220301,2,Prospect Park - East River Road,University,2,4
-93.2741649998148,44.9636589996631,292,Victory 1,2022-2023,4,292,2023/02/23 00:00:00+00,Snow Emergency,"1928 2nd ave south,Minneapolis,MN",44.963659,-93.274165,6,Steven's Square - Loring Heights,Central,2,3
-93.2190299996348,44.970980000027,293,Victory 1,2022-2023,4,293,2023/02/23 00:00:00+00,Snow Emergency,"2708 DELAWARE ST SE,Minneapolis,MN",44.97098,-93.21903,2,Prospect Park - East River Road,University,2,4
-93.2203599998141,44.9660949995846,294,Victory 1,2022-2023,4,294,2023/02/23 00:00:00+00,Snow Emergency,"1300 YALE AVE SE,Minneapolis,MN",44.966095,-93.22036,2,Prospect Park - East River Road,University,2,4
-93.2200899999535,44.9660900002534,295,Victory 1,2022-2023,4,295,2023/02/23 00:00:00+00,Snow Emergency,"1306 YALE AVE SE,Minneapolis,MN",44.96609,-93.22009,2,Prospect Park - East River Road,University,2,4
-93.2623269997912,44.943295000364,296,Victory 1,2022-2023,4,296,2023/02/23 00:00:00+00,Snow Emergency,"804 33rd st e,Minneapolis,MN",44.943295,-93.262327,9,Powderhorn Park,Powderhorn,2,6
-93.2566499996977,44.9469800003268,297,Victory 1,2022-2023,4,297,2023/02/23 00:00:00+00,Snow Emergency,"3038 13thave s,Minneapolis,MN",44.94698,-93.25665,9,Powderhorn Park,Powderhorn,2,6
-93.2737050001856,44.9640749999613,298,Victory 1,2022-2023,4,298,2023/02/23 00:00:00+00,Snow Emergency,"226 19th st s,Minneapolis,MN",44.964075,-93.273705,6,Steven's Square - Loring Heights,Central,2,3
-93.3035860003936,45.0187650003046,299,Victory 1,2022-2023,4,299,2023/02/23 00:00:00+00,Snow Emergency,"1924 35th ave. I mpls,Minneapolis,MN",45.018765,-93.303586,4,Folwell,Camden,2,1
-93.307288000241,45.0187850003276,300,Victory 1,2022-2023,4,300,2023/02/23 00:00:00+00,Snow Emergency,"2132 35th ave n,Minneapolis,MN",45.018785,-93.307288,4,Folwell,Camden,2,1
-93.2817899998086,44.8912099996418,301,Victory 1,2022-2023,4,301,2023/02/23 00:00:00+00,Snow Emergency,"54 Wentworth ct west ,Minneapolis,MN",44.89121,-93.28179,11,Windom,Southwest,2,5
-93.3035499996328,45.0187650003046,302,Victory 1,2022-2023,4,302,2023/02/23 00:00:00+00,Snow Emergency,"1920 35TH AVE N,Minneapolis,MN",45.018765,-93.30355,4,Folwell,Camden,2,1
-93.2811999995803,45.0038100004312,303,Victory 1,2022-2023,4,303,2023/02/23 00:00:00+00,Snow Emergency,"260 24TH AVE N,Minneapolis,MN",45.00381,-93.2812,5,Hawthorne,Near North,2,1
-93.22456100019,44.9006939999282,304,Victory 1,2022-2023,4,304,2023/02/23 00:00:00+00,Snow Emergency,"5642 bossen terr,Minneapolis,MN",44.900694,-93.224561,11,Wenonah,Nokomis,2,6
-93.2737909996549,44.9640749999613,305,Victory 1,2022-2023,4,305,2023/02/23 00:00:00+00,Snow Emergency,"208 19th street east,Minneapolis,MN",44.964075,-93.273791,6,Steven's Square - Loring Heights,Central,2,3
-93.2836969996168,44.9610150000423,306,Victory 1,2022-2023,4,306,2023/02/23 00:00:00+00,Snow Emergency,"306 22nd st w,Minneapolis,MN",44.961015,-93.283697,10,Whittier,Powderhorn,2,3
-93.2474000003097,44.9861299998996,307,Victory 1,2022-2023,4,307,2023/02/23 00:00:00+00,Snow Emergency,"504 5TH ST SE,Minneapolis,MN",44.98613,-93.2474,3,Marcy Holmes,University,2,4
-93.2843989996141,44.9610150000423,308,Victory 1,2022-2023,4,308,2023/02/23 00:00:00+00,Snow Emergency,"402 22nd st w,Minneapolis,MN",44.961015,-93.284399,10,Whittier,Powderhorn,2,3
-93.2211949996495,44.9709329996583,309,Victory 1,2022-2023,4,309,2023/02/23 00:00:00+00,Snow Emergency,"2621 Essex st se,Minneapolis,MN",44.970933,-93.221195,2,Prospect Park - East River Road,University,2,4
-93.221168000203,44.9709210000042,310,Victory 1,2022-2023,4,310,2023/02/23 00:00:00+00,Snow Emergency,"2623 Essex st se,Minneapolis,MN",44.970921,-93.221168,2,Prospect Park - East River Road,University,2,4
-93.2817479996704,44.9610249996041,311,Victory 1,2022-2023,4,311,2023/02/23 00:00:00+00,Snow Emergency,"230 22st west ,Minneapolis,MN",44.961025,-93.281748,10,Whittier,Powderhorn,2,3
-93.2445599997442,44.985140000111,312,Victory 1,2022-2023,4,312,2023/02/23 00:00:00+00,Snow Emergency,"708 5TH ST SE,Minneapolis,MN",44.98514,-93.24456,3,Marcy Holmes,University,2,4
-93.2468059998969,44.9860360000614,313,Victory 1,2022-2023,4,313,2023/02/23 00:00:00+00,Snow Emergency,"518 5TH ST SE,Minneapolis,MN",44.986036,-93.246806,3,Marcy Holmes,University,2,4
-93.2724610003748,44.9610150000423,314,Victory 1,2022-2023,4,314,2023/02/23 00:00:00+00,Snow Emergency,"308 22nd st e,Minneapolis,MN",44.961015,-93.272461,10,Whittier,Powderhorn,2,3
-93.3022889999374,45.015144999742,315,Victory 1,2022-2023,4,315,2023/02/23 00:00:00+00,Snow Emergency,"1820 33RD AVE N,Minneapolis,MN",45.015145,-93.302289,4,Folwell,Camden,2,1
-93.2255350001401,44.8986419997286,316,Victory 1,2022-2023,4,316,2023/02/23 00:00:00+00,Snow Emergency,"5738 sander dr,Minneapolis,MN",44.898642,-93.225535,11,Wenonah,Nokomis,2,6
-93.2353519995951,44.983033000073,317,Victory 1,2022-2023,4,317,2023/02/23 00:00:00+00,Snow Emergency,"602 13TH AVE SE,Minneapolis,MN",44.983033,-93.235352,3,Marcy Holmes,University,2,4
-93.2466000002897,44.9856999998552,318,Victory 1,2022-2023,4,318,2023/02/23 00:00:00+00,Snow Emergency,"528 5TH ST SE,Minneapolis,MN",44.9857,-93.2466,3,Marcy Holmes,University,2,4
-93.22456100019,44.9006939999282,319,Victory 1,2022-2023,4,319,2023/02/23 00:00:00+00,Snow Emergency,"5700 bossen terr,Minneapolis,MN",44.900694,-93.224561,11,Wenonah,Nokomis,2,6
-93.2845779997748,44.9610150000423,320,Victory 1,2022-2023,4,320,2023/02/23 00:00:00+00,Snow Emergency,"422 22nd street west ,Minneapolis,MN",44.961015,-93.284578,10,Whittier,Powderhorn,2,3
-93.2579399998311,44.9457199997782,321,Victory 1,2022-2023,4,321,2023/02/23 00:00:00+00,Snow Emergency,"3124 12th Ave s,Minneapolis,MN",44.94572,-93.25794,9,Powderhorn Park,Powderhorn,2,6
-93.2256700000704,44.899040000096,322,Victory 1,2022-2023,4,322,2023/02/23 00:00:00+00,Snow Emergency,"5740 sander dr,Minneapolis,MN",44.89904,-93.22567,11,Wenonah,Nokomis,2,6
-93.3073789999409,44.9964649998599,323,Victory 1,2022-2023,4,323,2023/02/23 00:00:00+00,Snow Emergency,"2126 17TH AVE N,Minneapolis,MN",44.996465,-93.307379,5,Willard - Hay,Near North,2,1
-93.2257199996782,44.9002700001604,324,Victory 1,2022-2023,4,324,2023/02/23 00:00:00+00,Snow Emergency,"5710 Bossen Terrace ,Minneapolis,MN",44.90027,-93.22572,11,Wenonah,Nokomis,2,6
-93.2255360001862,44.900114000161,325,Victory 1,2022-2023,4,325,2023/02/23 00:00:00+00,Snow Emergency,"5712 BOSSEN TERRACE,Minneapolis,MN",44.900114,-93.225536,11,Wenonah,Nokomis,2,6
-93.2959109998927,45.0186949997745,326,Victory 1,2022-2023,4,326,2023/02/23 00:00:00+00,Snow Emergency,"1314 35TH AVE N ,Minneapolis,MN",45.018695,-93.295911,4,Folwell,Camden,2,1
-93.3073260001947,44.9964649998599,327,Victory 1,2022-2023,4,327,2023/02/23 00:00:00+00,Snow Emergency,"2120 17TH AVE N,Minneapolis,MN",44.996465,-93.307326,5,Willard - Hay,Near North,2,1
-93.3044400002058,44.9477550000933,328,Victory 1,2022-2023,4,328,2023/02/24 00:00:00+00,Snow Emergency,"3013 knox ave s ,Minneapolis,MN",44.947755,-93.30444,10,East Bde Maka Ska,Calhoun Isle,3,5
-93.3031589995881,44.9475559999095,329,Victory 1,2022-2023,4,329,2023/02/24 00:00:00+00,Snow Emergency,"3045 JAMES AVE S,Minneapolis,MN",44.947556,-93.303159,10,East Bde Maka Ska,Calhoun Isle,3,5
-93.3043000000449,44.9478099999316,330,Victory 1,2022-2023,4,330,2023/02/24 00:00:00+00,Snow Emergency,"3015 knox av south,Minneapolis,MN",44.94781,-93.3043,10,East Bde Maka Ska,Calhoun Isle,3,5
-93.2545799995673,44.938120000038,331,Victory 1,2022-2023,4,331,2023/02/24 00:00:00+00,Snow Emergency,"3539 14th Avenue South,Minneapolis,MN",44.93812,-93.25458,9,Powderhorn Park,Powderhorn,3,6
-93.2857960001852,44.9675849999479,332,Victory 1,2022-2023,4,332,2023/02/24 00:00:00+00,Snow Emergency,"427 OAK GROVE ST ,Minneapolis,MN",44.967585,-93.285796,7,Loring Park,Central,3,3
-93.2992199996033,44.9460099996618,333,Victory 1,2022-2023,4,333,2023/02/24 00:00:00+00,Snow Emergency,"3113 HOLMES AVE ,Minneapolis,MN",44.94601,-93.29922,10,East Bde Maka Ska,Calhoun Isle,3,5
-93.3006479998053,44.9480029998386,334,Victory 1,2022-2023,4,334,2023/02/24 00:00:00+00,Snow Emergency,"3019 Humboldt ave s ,Minneapolis,MN",44.948003,-93.300648,10,East Bde Maka Ska,Calhoun Isle,3,5
-93.2800699996308,44.966218999907,335,Victory 1,2022-2023,4,335,2023/02/24 00:00:00+00,Snow Emergency,"115 OAK GROVE ST ,Minneapolis,MN",44.966219,-93.28007,7,Loring Park,Central,3,3
-93.2547280000971,44.9355019998175,336,Victory 1,2022-2023,4,336,2023/02/24 00:00:00+00,Snow Emergency,"3707 14th Avenue South,Minneapolis,MN",44.935502,-93.254728,9,Powderhorn Park,Powderhorn,3,6
-93.2806700003202,44.9690399995964,337,Victory 1,2022-2023,4,337,2023/02/24 00:00:00+00,Snow Emergency,"1369 spruce pl,Minneapolis,MN",44.96904,-93.28067,7,Loring Park,Central,3,3
-93.2858099999315,44.9675930003168,338,Victory 1,2022-2023,4,338,2023/02/24 00:00:00+00,Snow Emergency,"429 oak grove st,Minneapolis,MN",44.967593,-93.28581,7,Loring Park,Central,3,3
-93.2583570001754,44.9911510003184,339,Victory 1,2022-2023,4,339,2023/02/24 00:00:00+00,Snow Emergency,"311 3RD AVE NE,Minneapolis,MN",44.991151,-93.258357,3,St. Anthony West,Northeast,3,2
-93.300715000197,44.9476099997018,340,Victory 1,2022-2023,4,340,2023/02/24 00:00:00+00,Snow Emergency,"3043 Humboldt ave s ,Minneapolis,MN",44.94761,-93.300715,10,East Bde Maka Ska,Calhoun Isle,3,5
-93.3006790003355,44.9415610004399,341,Victory 1,2022-2023,4,341,2023/02/24 00:00:00+00,Snow Emergency,"3345 HUMBOLDT AVE S,Minneapolis,MN",44.941561,-93.300679,10,East Bde Maka Ska,Calhoun Isle,3,5
-93.2519349999003,44.986082000384,342,Victory 1,2022-2023,4,342,2023/02/24 00:00:00+00,Snow Emergency,"333 3rd ave se,Minneapolis,MN",44.986082,-93.251935,3,Marcy Holmes,University,3,4
-93.2519400001308,44.9859600001539,343,Victory 1,2022-2023,4,343,2023/02/24 00:00:00+00,Snow Emergency,"323 3rd ave se,Minneapolis,MN",44.98596,-93.25194,3,Marcy Holmes,University,3,4
-93.2988299996048,44.9445200001979,344,Victory 1,2022-2023,4,344,2023/02/24 00:00:00+00,Snow Emergency,"1433 w 32nd st ,Minneapolis,MN",44.94452,-93.29883,10,East Bde Maka Ska,Calhoun Isle,3,5
-93.2479630001923,44.9887740004198,345,Victory 1,2022-2023,4,345,2023/02/24 00:00:00+00,Snow Emergency,"621 4TH AVE SE,Minneapolis,MN",44.988774,-93.247963,3,Marcy Holmes,University,3,4
-93.3005000001748,44.9456399996863,346,Victory 1,2022-2023,4,346,2023/02/24 00:00:00+00,Snow Emergency,"3125 Humboldt Ave S,Minneapolis,MN",44.94564,-93.3005,10,East Bde Maka Ska,Calhoun Isle,3,5
-93.2994450000866,44.9453869997103,347,Victory 1,2022-2023,4,347,2023/02/24 00:00:00+00,Snow Emergency,"3135 Holmes Ave ,Minneapolis,MN",44.945387,-93.299445,10,East Bde Maka Ska,Calhoun Isle,3,5
-93.2806700003202,44.9690399995964,348,Victory 1,2022-2023,4,348,2023/02/24 00:00:00+00,Snow Emergency,"1369 SPRUCE PLACE ,Minneapolis,MN",44.96904,-93.28067,7,Loring Park,Central,3,3
-93.2478979998928,44.9888559997047,349,Victory 1,2022-2023,4,349,2023/02/24 00:00:00+00,Snow Emergency,"623 4TH AVE SE,Minneapolis,MN",44.988856,-93.247898,3,Marcy Holmes,University,3,4
-93.2570500001573,44.9345600004437,350,Victory 1,2022-2023,4,350,2023/02/24 00:00:00+00,Snow Emergency,"3737 12th ave s,Minneapolis,MN",44.93456,-93.25705,9,Powderhorn Park,Powderhorn,3,6
-93.2820700001304,44.966300000045,351,Victory 1,2022-2023,4,351,2023/02/24 00:00:00+00,Snow Emergency,"225 OAK GROVE ST ,Minneapolis,MN",44.9663,-93.28207,7,Loring Park,Central,3,3
-93.300715000197,44.9457880002161,352,Victory 1,2022-2023,4,352,2023/02/24 00:00:00+00,Snow Emergency,"3119 Humboldt Ave S,Minneapolis,MN",44.945788,-93.300715,10,East Bde Maka Ska,Calhoun Isle,3,5
-93.2560750001611,44.9235610004399,353,Victory 1,2022-2023,4,353,2023/02/24 00:00:00+00,Snow Emergency,"4351 13th ave s,Minneapolis,MN",44.923561,-93.256075,11,Northrop,Nokomis,3,6
-93.2797300001394,44.9662290003681,354,Victory 1,2022-2023,4,354,2023/02/24 00:00:00+00,Snow Emergency,"105 oak Grove st,Minneapolis,MN",44.966229,-93.27973,7,Loring Park,Central,3,3
-93.3005000001748,44.9450199998731,355,Victory 1,2022-2023,4,355,2023/02/24 00:00:00+00,Snow Emergency,"3145 humboldt ave south,Minneapolis,MN",44.94502,-93.3005,10,East Bde Maka Ska,Calhoun Isle,3,5
-93.2583600003137,44.927180000057,356,Victory 1,2022-2023,4,356,2023/02/24 00:00:00+00,Snow Emergency,"4153 11th ave s,Minneapolis,MN",44.92718,-93.25836,8,Bancroft,Powderhorn,3,6
-93.2583010002909,44.9911710003415,357,Victory 1,2022-2023,4,357,2023/02/24 00:00:00+00,Snow Emergency,"315 3RD AVE NE,Minneapolis,MN",44.991171,-93.258301,3,St. Anthony West,Northeast,3,2
-93.3005000001748,44.9453899998487,358,Victory 1,2022-2023,4,358,2023/02/24 00:00:00+00,Snow Emergency,"3135 humboldt ave south ,Minneapolis,MN",44.94539,-93.3005,10,East Bde Maka Ska,Calhoun Isle,3,5
-93.2960000003997,44.9427650002046,359,Victory 1,2022-2023,4,359,2023/02/24 00:00:00+00,Snow Emergency,"1303 W 33RD ST,Minneapolis,MN",44.942765,-93.296,10,South Uptown,Calhoun Isle,3,5
-93.2558099996318,44.9380700004302,360,Victory 1,2022-2023,4,360,2023/02/24 00:00:00+00,Snow Emergency,"3541 13th Avenue South,Minneapolis,MN",44.93807,-93.25581,9,Powderhorn Park,Powderhorn,3,6
-93.2954799998021,44.9383400002908,361,Victory 1,2022-2023,4,361,2023/02/24 00:00:00+00,Snow Emergency,"3537 Fremont ave s ,Minneapolis,MN",44.93834,-93.29548,10,South Uptown,Calhoun Isle,3,5
-93.2585310001055,44.9272400001259,362,Victory 1,2022-2023,4,362,2023/02/24 00:00:00+00,Snow Emergency,"4151 11th Avenue South,Minneapolis,MN",44.92724,-93.258531,8,Bancroft,Powderhorn,3,6
-93.2542959999604,44.992758999828,363,Victory 1,2022-2023,4,363,2023/02/24 00:00:00+00,Snow Emergency,"521 3RD AVE NE,Minneapolis,MN",44.992759,-93.254296,3,St. Anthony East,Northeast,3,2
-93.2947520004045,44.9445849995981,364,Victory 1,2022-2023,4,364,2023/02/24 00:00:00+00,Snow Emergency,"1211 W 32ND ST,Minneapolis,MN",44.944585,-93.294752,10,South Uptown,Calhoun Isle,3,5
-93.2583600003137,44.9353599995643,365,Victory 1,2022-2023,4,365,2023/02/24 00:00:00+00,Snow Emergency,"3717 11th ave S,Minneapolis,MN",44.93536,-93.25836,9,Powderhorn Park,Powderhorn,3,6
-93.2570500001573,44.933440000056,366,Victory 1,2022-2023,4,366,2023/02/24 00:00:00+00,Snow Emergency,"3821 12th Ave s,Minneapolis,MN",44.93344,-93.25705,8,Bancroft,Powderhorn,3,6
-93.2502579999068,44.9859159999235,367,Victory 1,2022-2023,4,367,2023/02/24 00:00:00+00,Snow Emergency,"315 4th ave se,Minneapolis,MN",44.985916,-93.250258,3,Marcy Holmes,University,3,4
-93.2622079996994,44.9412450002566,368,Victory 1,2022-2023,4,368,2023/02/24 00:00:00+00,Snow Emergency,"819 34th st e,Minneapolis,MN",44.941245,-93.262208,9,Powderhorn Park,Powderhorn,3,6
-93.2491700000954,44.9847500001125,369,Victory 1,2022-2023,4,369,2023/02/24 00:00:00+00,Snow Emergency,"303 5th ave se,Minneapolis,MN",44.98475,-93.24917,3,Marcy Holmes,University,3,4
-93.2585399996212,44.9379830000155,370,Victory 1,2022-2023,4,370,2023/02/24 00:00:00+00,Snow Emergency,"3535 11TH AVE S,Minneapolis,MN",44.937983,-93.25854,9,Powderhorn Park,Powderhorn,3,6
-93.2837900003082,45.0068999999351,371,Victory 1,2022-2023,4,371,2023/02/24 00:00:00+00,Snow Emergency,"2631 3rd st n ,Minneapolis,MN",45.0069,-93.28379,5,Hawthorne,Near North,3,1
-93.2467150001971,44.9877039996399,372,Victory 1,2022-2023,4,372,2023/02/24 00:00:00+00,Snow Emergency,"603 5TH AVE SE,Minneapolis,MN",44.987704,-93.246715,3,Marcy Holmes,University,3,4
-93.2482910000296,44.9883630003522,373,Victory 1,2022-2023,4,373,2023/02/24 00:00:00+00,Snow Emergency,"611 4TH AVE SE,Minneapolis,MN",44.988363,-93.248291,3,Marcy Holmes,University,3,4
-93.2916460001628,45.0383349998604,374,Victory 1,2022-2023,4,374,2023/02/24 00:00:00+00,Snow Emergency,"901 46TH AVE N,Minneapolis,MN",45.038335,-93.291646,4,Lind - Bohanon,Camden,3,1
-93.2549300004192,44.9926799997822,375,Victory 1,2022-2023,4,375,2023/02/24 00:00:00+00,Snow Emergency,"517 3RD AVE NE ,Minneapolis,MN",44.99268,-93.25493,3,St. Anthony East,Northeast,3,2
-93.2929999996502,44.9404400000061,376,Victory 1,2022-2023,4,376,2023/02/24 00:00:00+00,Snow Emergency,"3441 DUPONT AVE S,Minneapolis,MN",44.94044,-93.293,10,South Uptown,Calhoun Isle,3,5
-93.2955870002398,44.9450080002191,377,Victory 1,2022-2023,4,377,2023/02/24 00:00:00+00,Snow Emergency,"3145 FREMONT AVE S,Minneapolis,MN",44.945008,-93.295587,10,South Uptown,Calhoun Isle,3,5
-93.2920499999075,44.9853899999486,378,Victory 1,2022-2023,4,378,2023/02/24 00:00:00+00,Snow Emergency,"715 BRYANT AVE N,Minneapolis,MN",44.98539,-93.29205,5,Sumner - Glenwood,Near North,3,1
-93.253359999964,44.9410199997732,379,Victory 1,2022-2023,4,379,2023/02/24 00:00:00+00,Snow Emergency,"3405 15th Avenue South,Minneapolis,MN",44.94102,-93.25336,9,Powderhorn Park,Powderhorn,3,6
-93.2412689999643,44.853823999578,380,Victory 1,2022-2023,4,380,2023/02/24 00:00:00+00,Snow Emergency,"3345 gerardh ave south,Minneapolis,MN",44.853824,-93.241269,0, , ,3,0
-93.2751349995805,44.9649420003731,381,Victory 1,2022-2023,4,381,2023/02/24 00:00:00+00,Snow Emergency,"1811 Stevens ave s ,Minneapolis,MN",44.964942,-93.275135,6,Steven's Square - Loring Heights,Central,3,3
-93.2533100003562,44.9346799996823,382,Victory 1,2022-2023,4,382,2023/02/24 00:00:00+00,Snow Emergency,"3733 15TH AVE S,Minneapolis,MN",44.93468,-93.25331,9,Powderhorn Park,Powderhorn,3,6
-93.2947759997126,44.9427650002046,383,Victory 1,2022-2023,4,383,2023/02/24 00:00:00+00,Snow Emergency,"1213 33rd st w,Minneapolis,MN",44.942765,-93.294776,10,South Uptown,Calhoun Isle,3,5
-93.2534099995718,44.945119999988,384,Victory 1,2022-2023,4,384,2023/02/24 00:00:00+00,Snow Emergency,"3149 15th Ave s,Minneapolis,MN",44.94512,-93.25341,9,Powderhorn Park,Powderhorn,3,6
-93.2536150000322,44.9462659997761,385,Victory 1,2022-2023,4,385,2023/02/24 00:00:00+00,Snow Emergency,"3105 15th ave s,Minneapolis,MN",44.946266,-93.253615,9,Powderhorn Park,Powderhorn,3,6
-93.2749399995813,44.9660199997232,386,Victory 1,2022-2023,4,386,2023/02/24 00:00:00+00,Snow Emergency,"1707 STEVENS AVE S,Minneapolis,MN",44.96602,-93.27494,6,Steven's Square - Loring Heights,Central,3,3
-93.2533900004481,44.9430899999036,387,Victory 1,2022-2023,4,387,2023/02/24 00:00:00+00,Snow Emergency,"3255 15th Ave s,Minneapolis,MN",44.94309,-93.25339,9,Powderhorn Park,Powderhorn,3,6
-93.2489550000732,44.9848680001581,388,Victory 1,2022-2023,4,388,2023/02/24 00:00:00+00,Snow Emergency,"323 5TH AVE SE,Minneapolis,MN",44.984868,-93.248955,3,Marcy Holmes,University,3,4
-93.2590190001267,44.9925680000132,389,Victory 1,2022-2023,4,389,2023/02/24 00:00:00+00,Snow Emergency,"319 4TH AVE NE,Minneapolis,MN",44.992568,-93.259019,3,St. Anthony West,Northeast,3,2
-93.2534509996639,44.9350909997499,390,Victory 1,2022-2023,4,390,2023/02/24 00:00:00+00,Snow Emergency,"3745 15TH AVE S,Minneapolis,MN",44.935091,-93.253451,9,Powderhorn Park,Powderhorn,3,6
-93.2811600004337,44.9426900003433,391,Victory 1,2022-2023,4,391,2023/02/24 00:00:00+00,Snow Emergency,"129 W 33RD ST,Minneapolis,MN",44.94269,-93.28116,8,Lyndale,Powderhorn,3,5
-93.2489790002806,44.984837999674,392,Victory 1,2022-2023,4,392,2023/02/24 00:00:00+00,Snow Emergency,"319 5TH AVE SE,Minneapolis,MN",44.984838,-93.248979,3,Marcy Holmes,University,3,4
-93.3022419995686,45.0049269997813,393,Victory 1,2022-2023,4,393,2023/02/24 00:00:00+00,Snow Emergency,"1713 25TH AVE N,Minneapolis,MN",45.004927,-93.302242,5,Jordan,Near North,3,1
-93.2749489999963,44.96506499975,394,Victory 1,2022-2023,4,394,2023/02/24 00:00:00+00,Snow Emergency,"145 E 18TH ST ,Minneapolis,MN",44.965065,-93.274949,6,Steven's Square - Loring Heights,Central,3,3
-93.3037010003009,45.004964999735,395,Victory 1,2022-2023,4,395,2023/02/24 00:00:00+00,Snow Emergency,"1809 25TH AVE N,Minneapolis,MN",45.004965,-93.303701,5,Jordan,Near North,3,1
-93.2751349995805,44.9648840003964,396,Victory 1,2022-2023,4,396,2023/02/24 00:00:00+00,Snow Emergency,"1817 STEVENS AVE S,Minneapolis,MN",44.964884,-93.275135,6,Steven's Square - Loring Heights,Central,3,3
-93.2489430004191,44.9848829999505,397,Victory 1,2022-2023,4,397,2023/02/24 00:00:00+00,Snow Emergency,"325 5TH AVE SE,Minneapolis,MN",44.984883,-93.248943,3,Marcy Holmes,University,3,4
-93.2519200001079,44.9860099997617,398,Victory 1,2022-2023,4,398,2023/02/24 00:00:00+00,Snow Emergency,"327 3RD AVE SE,Minneapolis,MN",44.98601,-93.25192,3,Marcy Holmes,University,3,4
-93.2403099998066,44.9478700000005,399,Victory 1,2022-2023,4,399,2023/02/24 00:00:00+00,Snow Emergency,"3027 22ND AVE S,Minneapolis,MN",44.94787,-93.24031,9,Corcoran,Powderhorn,3,6
-93.277579999917,44.9430049995811,400,Victory 1,2022-2023,4,400,2023/02/24 00:00:00+00,Snow Emergency,"27 E 33RD ST,Minneapolis,MN",44.943005,-93.27758,8,Lyndale,Powderhorn,3,5
-93.2737820001391,44.9638050001007,401,Victory 1,2022-2023,4,401,2023/02/24 00:00:00+00,Snow Emergency,"211 E 19TH ST ,Minneapolis,MN",44.963805,-93.273782,6,Steven's Square - Loring Heights,Central,3,3
-93.3066070003128,45.004964999735,402,Victory 1,2022-2023,4,402,2023/02/24 00:00:00+00,Snow Emergency,"2025 25TH AVE N,Minneapolis,MN",45.004965,-93.306607,5,Jordan,Near North,3,1
-93.2628660003656,44.9953990001638,403,Victory 1,2022-2023,4,403,2023/02/24 00:00:00+00,Snow Emergency,"217 7TH AVE NE,Minneapolis,MN",44.995399,-93.262866,3,St. Anthony West,Northeast,3,2
-93.2756699999705,44.9661349996306,404,Victory 1,2022-2023,4,404,2023/02/24 00:00:00+00,Snow Emergency,"121 17TH ST E,Minneapolis,MN",44.966135,-93.27567,6,Steven's Square - Loring Heights,Central,3,3
-93.2762240003373,44.96506499975,405,Victory 1,2022-2023,4,405,2023/02/24 00:00:00+00,Snow Emergency,"107 E 18TH ST ,Minneapolis,MN",44.965065,-93.276224,6,Steven's Square - Loring Heights,Central,3,3
-93.2762050003604,44.9661349996306,406,Victory 1,2022-2023,4,406,2023/02/24 00:00:00+00,Snow Emergency,"111 17TH ST E,Minneapolis,MN",44.966135,-93.276205,6,Steven's Square - Loring Heights,Central,3,3
-93.2763930000369,44.9430150000423,407,Victory 1,2022-2023,4,407,2023/02/24 00:00:00+00,Snow Emergency,"105 E 33RD ST,Minneapolis,MN",44.943015,-93.276393,8,Lyndale,Powderhorn,3,5
-93.23850900039,44.9446049996211,408,Victory 1,2022-2023,4,408,2023/02/24 00:00:00+00,Snow Emergency,"2325 E 32ND ST,Minneapolis,MN",44.944605,-93.238509,9,Corcoran,Powderhorn,3,6
-93.2534200000329,44.9470099999116,409,Victory 1,2022-2023,4,409,2023/02/24 00:00:00+00,Snow Emergency,"3045 15TH AVE S,Minneapolis,MN",44.94701,-93.25342,9,Powderhorn Park,Powderhorn,3,6
-93.2440699996308,44.9904019999524,410,Victory 1,2022-2023,4,410,2023/02/24 00:00:00+00,Snow Emergency,"519 9th st se,Minneapolis,MN",44.990402,-93.24407,3,Marcy Holmes,University,3,4
-93.2561649998149,44.9476010001861,411,Victory 1,2022-2023,4,411,2023/02/24 00:00:00+00,Snow Emergency,"3045 13th ave s,Minneapolis,MN",44.947601,-93.256165,9,Powderhorn Park,Powderhorn,3,6
-93.2941800001069,44.9410300002344,412,Victory 1,2022-2023,4,412,2023/02/24 00:00:00+00,Snow Emergency,"3405 Emerson ave South,Minneapolis,MN",44.94103,-93.29418,10,South Uptown,Calhoun Isle,3,5
-93.2404330000829,44.9475289995638,413,Victory 1,2022-2023,4,413,2023/02/24 00:00:00+00,Snow Emergency,"3039 22nd Avenue South,Minneapolis,MN",44.947529,-93.240433,9,Corcoran,Powderhorn,3,6
-93.2943499998526,44.9385599996443,414,Victory 1,2022-2023,4,414,2023/02/24 00:00:00+00,Snow Emergency,"3529 Emerson Ave S,Minneapolis,MN",44.93856,-93.29435,10,South Uptown,Calhoun Isle,3,5
-93.2536150000322,44.9462150001222,415,Victory 1,2022-2023,4,415,2023/02/24 00:00:00+00,Snow Emergency,"3107 15th Ave s,Minneapolis,MN",44.946215,-93.253615,9,Powderhorn Park,Powderhorn,3,6
-93.2441400001608,44.99043899986,416,Victory 1,2022-2023,4,416,2023/02/24 00:00:00+00,Snow Emergency,"503 9th st se,Minneapolis,MN",44.990439,-93.24414,3,Marcy Holmes,University,3,4
-93.2943469997142,44.9406059995673,417,Victory 1,2022-2023,4,417,2023/02/24 00:00:00+00,Snow Emergency,"3435 emerson ave south,Minneapolis,MN",44.940606,-93.294347,10,South Uptown,Calhoun Isle,3,5
-93.3073510004482,45.004964999735,418,Victory 1,2022-2023,4,418,2023/02/24 00:00:00+00,Snow Emergency,"2119 25th av n,Minneapolis,MN",45.004965,-93.307351,5,Jordan,Near North,3,1
-93.2941299995998,44.9444299996448,419,Victory 1,2022-2023,4,419,2023/02/24 00:00:00+00,Snow Emergency,"3205 Emerson Ave S,Minneapolis,MN",44.94443,-93.29413,10,South Uptown,Calhoun Isle,3,5
-93.2751349995805,44.9649030003732,420,Victory 1,2022-2023,4,420,2023/02/24 00:00:00+00,Snow Emergency,"1815 Stevens ave s ,Minneapolis,MN",44.964903,-93.275135,6,Steven's Square - Loring Heights,Central,3,3
-93.2595029999635,44.9980500001075,421,Victory 1,2022-2023,4,421,2023/02/24 00:00:00+00,Snow Emergency,"823 5TH ST NE,Minneapolis,MN",44.99805,-93.259503,3,St. Anthony West,Northeast,3,2
-93.2923359996067,44.9411749997265,422,Victory 1,2022-2023,4,422,2023/02/24 00:00:00+00,Snow Emergency,"1029 34th st w ,Minneapolis,MN",44.941175,-93.292336,10,South Uptown,Calhoun Isle,3,5
-93.3061699999455,45.004964999735,423,Victory 1,2022-2023,4,423,2023/02/24 00:00:00+00,Snow Emergency,"2019 25TH AVE N,Minneapolis,MN",45.004965,-93.30617,5,Jordan,Near North,3,1
-93.2418200001928,44.9441300001994,424,Victory 1,2022-2023,4,424,2023/02/24 00:00:00+00,Snow Emergency,"3215 21st ave s,Minneapolis,MN",44.94413,-93.24182,9,Corcoran,Powderhorn,3,6
-93.2914520002096,44.9845879998364,425,Victory 1,2022-2023,4,425,2023/02/24 00:00:00+00,Snow Emergency,"631 Bryant av n,Minneapolis,MN",44.984588,-93.291452,5,Sumner - Glenwood,Near North,3,1
-93.2946140003358,45.0165950000593,426,Victory 1,2022-2023,4,426,2023/02/24 00:00:00+00,Snow Emergency,"1223 34th Ave w,Minneapolis,MN",45.016595,-93.294614,4,Folwell,Camden,3,1
-93.2751199997881,44.9661300002993,427,Victory 1,2022-2023,4,427,2023/02/24 00:00:00+00,Snow Emergency,"137 17TH ST E,Minneapolis,MN",44.96613,-93.27512,6,Steven's Square - Loring Heights,Central,3,3
-93.2743799998371,44.9660900002534,428,Victory 1,2022-2023,4,428,2023/02/24 00:00:00+00,Snow Emergency,"141 17th st e ,Minneapolis,MN",44.96609,-93.27438,6,Steven's Square - Loring Heights,Central,3,3
-93.2756350001551,44.9661349996306,429,Victory 1,2022-2023,4,429,2023/02/24 00:00:00+00,Snow Emergency,"123 17TH ST E,Minneapolis,MN",44.966135,-93.275635,6,Steven's Square - Loring Heights,Central,3,3
-93.2808099995818,44.9582999998452,430,Victory 1,2022-2023,4,430,2023/02/24 00:00:00+00,Snow Emergency,"2421 Pillsbury Ave so ,Minneapolis,MN",44.9583,-93.28081,10,Whittier,Powderhorn,3,3
-93.2519800001768,44.9859600001539,431,Victory 1,2022-2023,4,431,2023/02/24 00:00:00+00,Snow Emergency,"321 3RD AVE SE,Minneapolis,MN",44.98596,-93.25198,3,Marcy Holmes,University,3,4
-93.2519699997157,44.985920000108,432,Victory 1,2022-2023,4,432,2023/02/24 00:00:00+00,Snow Emergency,"319 3RD AVE SE,Minneapolis,MN",44.98592,-93.25197,3,Marcy Holmes,University,3,4
-93.2561649998149,44.9477079997245,433,Victory 1,2022-2023,4,433,2023/02/24 00:00:00+00,Snow Emergency,"3031 13th Ave s,Minneapolis,MN",44.947708,-93.256165,9,Powderhorn Park,Powderhorn,3,6
-93.2611510004183,44.9457650000547,434,Victory 1,2022-2023,4,434,2023/02/24 00:00:00+00,Snow Emergency,"3123 elliot ave s,Minneapolis,MN",44.945765,-93.261151,9,Powderhorn Park,Powderhorn,3,6
-93.2421750003759,44.9441310002455,435,Victory 1,2022-2023,4,435,2023/02/24 00:00:00+00,Snow Emergency,"3213 21st Avenue South,Minneapolis,MN",44.944131,-93.242175,9,Corcoran,Powderhorn,3,6
-93.2825499997826,44.9594400002559,436,Victory 1,2022-2023,4,436,2023/02/24 00:00:00+00,Snow Emergency,"2321 pleasant ave ,Minneapolis,MN",44.95944,-93.28255,10,Whittier,Powderhorn,3,3
-93.2764299999445,44.9412149997725,437,Victory 1,2022-2023,4,437,2023/02/24 00:00:00+00,Snow Emergency,"101 E 34TH ST,Minneapolis,MN",44.941215,-93.27643,8,Lyndale,Powderhorn,3,5
-93.2457600002238,44.9451699995959,438,Victory 1,2022-2023,4,438,2023/02/24 00:00:00+00,Snow Emergency,"3137 Longfellow Avenue South,Minneapolis,MN",44.94517,-93.24576,9,Corcoran,Powderhorn,3,6
-93.249368000233,44.9886330002128,439,Victory 1,2022-2023,4,439,2023/02/24 00:00:00+00,Snow Emergency,"317 6th st se,Minneapolis,MN",44.988633,-93.249368,3,Marcy Holmes,University,3,4
-93.2826400003357,44.9589500001425,440,Victory 1,2022-2023,4,440,2023/02/24 00:00:00+00,Snow Emergency,"2401 pleasant av s ,Minneapolis,MN",44.95895,-93.28264,10,Whittier,Powderhorn,3,3
-93.2609799997272,44.944380000037,441,Victory 1,2022-2023,4,441,2023/02/24 00:00:00+00,Snow Emergency,"3209 Elliot ave s,Minneapolis,MN",44.94438,-93.26098,9,Powderhorn Park,Powderhorn,3,6
-93.2811960002952,45.00353500034,442,Victory 1,2022-2023,4,442,2023/02/24 00:00:00+00,Snow Emergency,"261 24TH AVE N,Minneapolis,MN",45.003535,-93.281196,5,Hawthorne,Near North,3,1
-93.2922730002987,44.9411749997265,443,Victory 1,2022-2023,4,443,2023/02/24 00:00:00+00,Snow Emergency,"1017 34th stw,Minneapolis,MN",44.941175,-93.292273,10,South Uptown,Calhoun Isle,3,5
-93.2425600001438,44.8538259996702,444,Victory 1,2022-2023,4,444,2023/02/24 00:00:00+00,Snow Emergency,"319 6th ave s,Minneapolis,MN",44.853826,-93.24256,0, , ,3,0
-93.2909719996581,44.9411779998649,445,Victory 1,2022-2023,4,445,2023/02/24 00:00:00+00,Snow Emergency,"913 34th st w,Minneapolis,MN",44.941178,-93.290972,10,South Uptown,Calhoun Isle,3,5
-93.2825000001748,44.9599300003693,446,Victory 1,2022-2023,4,446,2023/02/24 00:00:00+00,Snow Emergency,"2303 PLEASANT AVE ,Minneapolis,MN",44.95993,-93.2825,10,Whittier,Powderhorn,3,3
-93.2918040002544,44.9408310000507,447,Victory 1,2022-2023,4,447,2023/02/24 00:00:00+00,Snow Emergency,"3411 colfax ave s ,Minneapolis,MN",44.940831,-93.291804,10,South Uptown,Calhoun Isle,3,5
-93.2776100004012,44.9430049995811,448,Victory 1,2022-2023,4,448,2023/02/24 00:00:00+00,Snow Emergency,"21 E 33RD ST,Minneapolis,MN",44.943005,-93.27761,8,Lyndale,Powderhorn,3,5
-93.2825000001748,44.9596900000935,449,Victory 1,2022-2023,4,449,2023/02/24 00:00:00+00,Snow Emergency,"2311 PLEASANT AVE S,Minneapolis,MN",44.95969,-93.2825,10,Whittier,Powderhorn,3,3
-93.2910899997037,44.9855399996713,450,Victory 1,2022-2023,4,450,2023/02/24 00:00:00+00,Snow Emergency,"842 Gertrude brown pl,Minneapolis,MN",44.98554,-93.29109,5,Sumner - Glenwood,Near North,3,1
-93.2483300000295,44.9470999995654,451,Victory 1,2022-2023,4,451,2023/02/24 00:00:00+00,Snow Emergency,"3033 18th ave s,Minneapolis,MN",44.9471,-93.24833,9,Powderhorn Park,Powderhorn,3,6
-93.2891199996882,44.9386799997822,452,Victory 1,2022-2023,4,452,2023/02/24 00:00:00+00,Snow Emergency,"3525 Aldrich Ave s,Minneapolis,MN",44.93868,-93.28912,10,South Uptown,Calhoun Isle,3,5
-93.2904030003981,45.0473849999179,453,Victory 1,2022-2023,4,453,2023/02/24 00:00:00+00,Snow Emergency,"813 51ST AVE N,Minneapolis,MN",45.047385,-93.290403,4,Lind - Bohanon,Camden,3,1
-93.2530390004495,45.1972949999643,454,Victory 1,2022-2023,4,454,2023/02/24 00:00:00+00,Snow Emergency,"729 MAIN ST NE,Minneapolis,MN",45.197295,-93.253039,0, , ,3,0
-93.2462520004294,44.9836699997707,455,Victory 1,2022-2023,4,455,2023/02/24 00:00:00+00,Snow Emergency,"323 7th ave se,Minneapolis,MN",44.98367,-93.246252,3,Marcy Holmes,University,3,4
-93.2915500002323,44.9476800002319,456,Victory 1,2022-2023,4,456,2023/02/24 00:00:00+00,Snow Emergency,"3017 colfax Ave s,Minneapolis,MN",44.94768,-93.29155,10,South Uptown,Calhoun Isle,3,5
-93.2462399998761,44.9837200002779,457,Victory 1,2022-2023,4,457,2023/02/24 00:00:00+00,Snow Emergency,"311 7TH AVE SE,Minneapolis,MN",44.98372,-93.24624,3,Marcy Holmes,University,3,4
-93.245975000246,44.9444749999213,458,Victory 1,2022-2023,4,458,2023/02/24 00:00:00+00,Snow Emergency,"3203 Longfellow Avenue South,Minneapolis,MN",44.944475,-93.245975,9,Corcoran,Powderhorn,3,6
-93.2463009999911,44.9836020002322,459,Victory 1,2022-2023,4,459,2023/02/24 00:00:00+00,Snow Emergency,"305 7TH AVE SE,Minneapolis,MN",44.983602,-93.246301,3,Marcy Holmes,University,3,4
-93.2609999997501,44.9457399998012,460,Victory 1,2022-2023,4,460,2023/02/24 00:00:00+00,Snow Emergency,"3125 elliot ave s,Minneapolis,MN",44.94574,-93.261,9,Powderhorn Park,Powderhorn,3,6
-93.2483300000295,44.9470999995654,461,Victory 1,2022-2023,4,461,2023/02/24 00:00:00+00,Snow Emergency,"3035 18th Avenue South,Minneapolis,MN",44.9471,-93.24833,9,Powderhorn Park,Powderhorn,3,6
-93.2462680002679,44.9836469996094,462,Victory 1,2022-2023,4,462,2023/02/24 00:00:00+00,Snow Emergency,"317 7th ave se,Minneapolis,MN",44.983647,-93.246268,3,Marcy Holmes,University,3,4
-93.255932999908,44.9455150002171,463,Victory 1,2022-2023,4,463,2023/02/24 00:00:00+00,Snow Emergency,"1319 POWDERHORN TER,Minneapolis,MN",44.945515,-93.255933,9,Powderhorn Park,Powderhorn,3,6
-93.2412740001949,44.853823999578,464,Victory 1,2022-2023,4,464,2023/02/24 00:00:00+00,Snow Emergency,"3313 17thth ave s ,Minneapolis,MN",44.853824,-93.241274,0, , ,3,0
-93.2824800001518,44.9567999999201,465,Victory 1,2022-2023,4,465,2023/02/24 00:00:00+00,Snow Emergency,"2515 PLEASANT AVE ,Minneapolis,MN",44.9568,-93.28248,10,Whittier,Powderhorn,3,3
-93.285115000257,45.0194260002098,466,Victory 1,2022-2023,4,466,2023/02/24 00:00:00+00,Snow Emergency,"3533 4TH ST N,Minneapolis,MN",45.019426,-93.285115,4,McKinley,Camden,3,1
-93.2827380003584,44.957021000219,467,Victory 1,2022-2023,4,467,2023/02/24 00:00:00+00,Snow Emergency,"2503 PLEASANT AVE ,Minneapolis,MN",44.957021,-93.282738,10,Whittier,Powderhorn,3,3
-93.2483300000295,44.9478799995623,468,Victory 1,2022-2023,4,468,2023/02/24 00:00:00+00,Snow Emergency,"3013 18th ave s,Minneapolis,MN",44.94788,-93.24833,9,Powderhorn Park,Powderhorn,3,6
-93.2918099996318,44.9403690003291,469,Victory 1,2022-2023,4,469,2023/02/24 00:00:00+00,Snow Emergency,"3427 colfax ave s ,Minneapolis,MN",44.940369,-93.29181,10,South Uptown,Calhoun Isle,3,5
-93.2811649997649,44.9534799997023,470,Victory 1,2022-2023,4,470,2023/02/24 00:00:00+00,Snow Emergency,"2707 Pillsbury av s,Minneapolis,MN",44.95348,-93.281165,10,Whittier,Powderhorn,3,3
-93.2485450000516,44.9482030000685,471,Victory 1,2022-2023,4,471,2023/02/24 00:00:00+00,Snow Emergency,"3011 18th ave s,Minneapolis,MN",44.948203,-93.248545,9,Powderhorn Park,Powderhorn,3,6
-93.2891100001264,44.9397699996858,472,Victory 1,2022-2023,4,472,2023/02/24 00:00:00+00,Snow Emergency,"3449 Aldrich av s,Minneapolis,MN",44.93977,-93.28911,10,South Uptown,Calhoun Isle,3,5
-93.2497950001391,44.9457480001701,473,Victory 1,2022-2023,4,473,2023/02/24 00:00:00+00,Snow Emergency,"3145 17th ave s,Minneapolis,MN",44.945748,-93.249795,9,Powderhorn Park,Powderhorn,3,6
-93.2470009998962,44.9827169998897,474,Victory 1,2022-2023,4,474,2023/02/24 00:00:00+00,Snow Emergency,"221 7TH AVE SE,Minneapolis,MN",44.982717,-93.247001,3,Marcy Holmes,University,3,4
-93.2890900001034,44.9419300003693,475,Victory 1,2022-2023,4,475,2023/02/24 00:00:00+00,Snow Emergency,"3333 Aldrich av s,Minneapolis,MN",44.94193,-93.28909,10,South Uptown,Calhoun Isle,3,5
-93.2868500002273,45.011700000055,476,Victory 1,2022-2023,4,476,2023/02/24 00:00:00+00,Snow Emergency,"3033 6TH ST N,Minneapolis,MN",45.0117,-93.28685,5,Hawthorne,Near North,3,1
-93.249784999678,44.9444119997141,477,Victory 1,2022-2023,4,477,2023/02/24 00:00:00+00,Snow Emergency,"3203 17th Avenue South,Minneapolis,MN",44.944412,-93.249785,9,Powderhorn Park,Powderhorn,3,6
-93.2495600000939,44.9468800002119,478,Victory 1,2022-2023,4,478,2023/02/24 00:00:00+00,Snow Emergency,"3043 17th Avenue South Carolina,Minneapolis,MN",44.94688,-93.24956,9,Powderhorn Park,Powderhorn,3,6
-93.2440830002303,44.9840880001611,479,Victory 1,2022-2023,4,479,2023/02/24 00:00:00+00,Snow Emergency,"405 8th ave se,Minneapolis,MN",44.984088,-93.244083,3,Marcy Holmes,University,3,4
-93.2560370002074,44.9455150002171,480,Victory 1,2022-2023,4,480,2023/02/24 00:00:00+00,Snow Emergency,"1307 Powderhorn ter ,Minneapolis,MN",44.945515,-93.256037,9,Powderhorn Park,Powderhorn,3,6
-93.2448699996507,44.983105999842,481,Victory 1,2022-2023,4,481,2023/02/24 00:00:00+00,Snow Emergency,"315 8TH AVE SE,Minneapolis,MN",44.983106,-93.24487,3,Marcy Holmes,University,3,4
-93.2559679997234,44.9455150002171,482,Victory 1,2022-2023,4,482,2023/02/24 00:00:00+00,Snow Emergency,"1315 Powderhorn ter,Minneapolis,MN",44.945515,-93.255968,9,Powderhorn Park,Powderhorn,3,6
-93.2527380000586,44.9427850002276,483,Victory 1,2022-2023,4,483,2023/02/24 00:00:00+00,Snow Emergency,"1531 33rd st e,Minneapolis,MN",44.942785,-93.252738,9,Powderhorn Park,Powderhorn,3,6
-93.2835049997559,45.0121120001687,484,Victory 1,2022-2023,4,484,2023/02/24 00:00:00+00,Snow Emergency,"3105 3rd st n mpls,Minneapolis,MN",45.012112,-93.283505,5,Hawthorne,Near North,3,1
-93.2448099995818,44.9831700000955,485,Victory 1,2022-2023,4,485,2023/02/24 00:00:00+00,Snow Emergency,"325 8th ave se,Minneapolis,MN",44.98317,-93.24481,3,Marcy Holmes,University,3,4
-93.243979999977,44.9844600002289,486,Victory 1,2022-2023,4,486,2023/02/24 00:00:00+00,Snow Emergency,"417 8TH AVE SE,Minneapolis,MN",44.98446,-93.24398,3,Marcy Holmes,University,3,4
-93.285419999933,45.0214200004327,487,Victory 1,2022-2023,4,487,2023/02/24 00:00:00+00,Snow Emergency,"3639 4TH ST N,Minneapolis,MN",45.02142,-93.28542,4,McKinley,Camden,3,1
-93.2448820002041,44.9830889999574,488,Victory 1,2022-2023,4,488,2023/02/24 00:00:00+00,Snow Emergency,"311 8TH AVE SE,Minneapolis,MN",44.983089,-93.244882,3,Marcy Holmes,University,3,4
-93.2867249998588,44.9442929996223,489,Victory 1,2022-2023,4,489,2023/02/24 00:00:00+00,Snow Emergency,"3211 Garfield ave s ,Minneapolis,MN",44.944293,-93.286725,8,Lyndale,Powderhorn,3,5
-93.240495000244,44.9453560000794,490,Victory 1,2022-2023,4,490,2023/02/24 00:00:00+00,Snow Emergency,"3137 22nd ave s,Minneapolis,MN",44.945356,-93.240495,9,Corcoran,Powderhorn,3,6
-93.2391759996726,44.9554349999254,491,Victory 1,2022-2023,4,491,2023/02/24 00:00:00+00,Snow Emergency,"2307 26th st e,Minneapolis,MN",44.955435,-93.239176,2,Seward,Longfellow,3,4
-93.2086050000207,44.9476089996556,492,Victory 1,2022-2023,4,492,2023/02/24 00:00:00+00,Snow Emergency,"3045 45th Ave S ,Minneapolis,MN",44.947609,-93.208605,2,Cooper,Longfellow,3,6
-93.2476239998477,44.984218999907,493,Victory 1,2022-2023,4,493,2023/02/24 00:00:00+00,Snow Emergency,"313 6TH AVE SE,Minneapolis,MN",44.984219,-93.247624,3,Marcy Holmes,University,3,4
-93.2853700003252,45.0005900003283,494,Victory 1,2022-2023,4,494,2023/02/24 00:00:00+00,Snow Emergency,"2111 4TH ST N,Minneapolis,MN",45.00059,-93.28537,5,Hawthorne,Near North,3,1
-93.243778999701,44.9844590001828,495,Victory 1,2022-2023,4,495,2023/02/24 00:00:00+00,Snow Emergency,"415 8th ave se,Minneapolis,MN",44.984459,-93.243779,3,Marcy Holmes,University,3,4
-93.2273599997641,44.9356799999321,496,Victory 1,2022-2023,4,496,2023/02/24 00:00:00+00,Snow Emergency,"3101 37th Street East,Minneapolis,MN",44.93568,-93.22736,12,Howe,Longfellow,3,6
-93.2425719997979,44.8538269997163,497,Victory 1,2022-2023,4,497,2023/02/24 00:00:00+00,Snow Emergency,"317 8th Ave s,Minneapolis,MN",44.853827,-93.242572,0, , ,3,0
-93.2571769997188,44.945504999756,498,Victory 1,2022-2023,4,498,2023/02/24 00:00:00+00,Snow Emergency,"1217 Powderhorn ter,Minneapolis,MN",44.945505,-93.257177,9,Powderhorn Park,Powderhorn,3,6
-93.2457000001548,44.9361599995844,499,Victory 1,2022-2023,4,499,2023/02/24 00:00:00+00,Snow Emergency,"3651 Longfellow ave s,Minneapolis,MN",44.93616,-93.2457,12,Standish,Powderhorn,3,6
-93.2896550000782,45.0049469998042,500,Victory 1,2022-2023,4,500,2023/02/24 00:00:00+00,Snow Emergency,"2503 ALDRICH AVE N,Minneapolis,MN",45.004947,-93.289655,5,Hawthorne,Near North,3,1
-93.226608000159,44.9357300004392,501,Victory 1,2022-2023,4,501,2023/02/24 00:00:00+00,Snow Emergency,"3711 Snelling Avenue South,Minneapolis,MN",44.93573,-93.226608,12,Howe,Longfellow,3,6
-93.2213299995798,44.9466850002127,502,Victory 1,2022-2023,4,502,2023/02/24 00:00:00+00,Snow Emergency,"3527 31st St E,Minneapolis,MN",44.946685,-93.22133,2,Longfellow,Longfellow,3,6
-93.2446500002972,44.985860000039,503,Victory 1,2022-2023,4,503,2023/02/24 00:00:00+00,Snow Emergency,"515 7TH AVE SE,Minneapolis,MN",44.98586,-93.24465,3,Marcy Holmes,University,3,4
-93.249459999979,44.9293799998871,504,Victory 1,2022-2023,4,504,2023/02/24 00:00:00+00,Snow Emergency,"4029 17th ave s,Minneapolis,MN",44.92938,-93.24946,8,Bancroft,Powderhorn,3,6
-93.2896400002858,45.0177500002624,505,Victory 1,2022-2023,4,505,2023/02/24 00:00:00+00,Snow Emergency,"3431 Aldrich ave n mpls,Minneapolis,MN",45.01775,-93.28964,4,McKinley,Camden,3,1
-93.2894149998024,45.0169840000116,506,Victory 1,2022-2023,4,506,2023/02/24 00:00:00+00,Snow Emergency,"3409 Aldrich ave n,Minneapolis,MN",45.016984,-93.289415,4,McKinley,Camden,3,1
